,AppName,inst_control,stall_constant_memory_dependency,gst_efficiency,inst_fp_64,local_store_transactions,stall_not_selected,global_hit_rate,stall_exec_dependency,shared_store_transactions,branch_efficiency,warp_nonpred_execution_efficiency,inst_bit_convert,gst_throughput,sysmem_read_throughput,issue_slot_utilization,shared_efficiency,shared_load_transactions,flop_count_dp_fma,shared_store_throughput,inst_executed,achieved_occupancy,stall_inst_fetch,dram_read_transactions,dram_write_transactions,stall_sync,gld_transactions_per_request,single_precision_fu_utilization,gst_requested_throughput,sysmem_write_utilization,flop_count_dp_mul,l2_tex_read_throughput,inst_per_warp,inst_integer,inst_issued,ecc_transactions,cf_fu_utilization,l2_tex_read_hit_rate,local_store_transactions_per_request,special_fu_utilization,local_load_transactions_per_request,flop_count_dp,double_precision_fu_utilization,issued_ipc,gld_transactions,shared_load_throughput,ldst_executed,dram_utilization,shared_utilization,flop_count_dp_add,cf_issued,l2_atomic_throughput,dram_read_throughput,flop_count_sp_mul,ldst_issued,flop_count_sp_add,eligible_warps_per_cycle,ipc,warp_execution_efficiency,issue_slots,cf_executed,ldst_fu_utilization,inst_misc,gld_requested_throughput,flop_count_sp_special,l2_tex_read_transactions,sysmem_write_throughput,l2_atomic_transactions,sysmem_read_transactions,gst_transactions_per_request,tex_utilization,tex_cache_transactions,l2_read_throughput,flop_sp_efficiency,gst_transactions,local_load_transactions,local_store_throughput,gld_throughput,stall_memory_throttle,stall_other,stall_texture,stall_memory_dependency,sysmem_utilization,l2_write_transactions,l2_read_transactions,l2_tex_write_transactions,sysmem_read_utilization,inst_inter_thread_communication,shared_load_transactions_per_request,atomic_transactions_per_request,local_load_throughput,ecc_throughput,flop_dp_efficiency,tex_cache_throughput,sysmem_write_transactions,stall_pipe_busy,inst_fp_32,inst_compute_ld_st,dram_write_throughput,flop_count_sp,l2_utilization,tex_cache_hit_rate,inst_replay_overhead,local_hit_rate,tex_fu_utilization,l2_write_throughput,l2_tex_write_throughput,atomic_transactions,gld_efficiency,sm_efficiency,l2_tex_write_hit_rate,shared_store_transactions_per_request,local_memory_overhead,flop_count_sp_fma
0,rodinia_b+tree,0.0230965892845,0.000235880629056,0.225,0.0,0.0,0.0503794761309,0.684130757974,0.0469096739543,0.0,1.0,0.925782175202,0.0,0.00681028067753,1.0,0.397164112916,0.0,0.0,0.0,0.0,0.00344141864701,0.949961226864,0.0628001850782,0.000642285982633,0.00237204475843,0.528031939899,0.17751525,0.375,0.00152826360847,1.0,0.0,0.265265973373,6.92221342711e-06,0.00735497230691,0.00344154150274,1.0,0.0,0.83460035,0.0,0.0,0.0,0.0,0.0,0.388791923726,0.000555220722784,0.0,0.00260180745867,0.222222222222,0.0,0.0,0.0100326923328,0.0,0.127914987471,0.0,0.0014785895834,0.0,0.245824702653,0.387024551382,0.976004707344,0.00310309020216,0.0100326923328,0.2,0.00130411690807,0.207787174852,0.0,0.000243620623729,0.0,0.0,1.0,0.03125,0.4,0.00222010538573,0.265277410834,0.0,1.39493982788e-05,0.0,0.0,0.226821228383,0.000749012195113,0.0603926805379,0.0,0.576106855434,1.0,1.39493966183e-05,0.000243631325208,1.39493966183e-05,1.0,0.0,0.0,0.0,0.0,1.0,0.0,0.296860094633,1.0,0.015458731492,0.0,0.00131987729268,0.00417805385094,0.0,0.25,0.615990157666,0.000163101934301,0.0,0.3,0.00612259939398,0.00612259939398,0.0,0.63177422,0.998709367046,0.99374,0.0,0.0,0.0
1,cudasdk_threadFenceReduction,0.000268632888929,0.00777445812703,0.125,0.0,0.0,0.00962382424678,0.572213308029,0.0349437710732,0.000100600360063,1.0,0.993923396317,0.0,0.000267622198106,1.0,0.152948520654,0.480631692978,1.82085836779e-05,0.0,0.00429698863066,3.69014562494e-05,0.654969083525,0.0547039793246,0.000117879757176,0.00164213813468,0.0236877986539,0.25,0.125,2.8170755752e-05,1.0,0.0,0.297946238856,2.8960967843e-05,6.52370202756e-05,3.69790559711e-05,1.0,0.0,0.00111077,0.0,0.0,0.0,0.0,0.0,0.157595099764,1.3563460033e-05,0.00193354931327,2.75718544714e-05,1.0,0.1,0.0,9.59012852144e-05,0.00225416467832,0.868405842136,0.0,2.51178616741e-05,0.000124014914036,0.066882679271,0.154999701297,0.998655009046,3.17461649246e-05,9.59012852144e-05,0.2,1.29346030767e-05,0.369415703669,0.0,7.39843336753e-06,0.0243902485808,0.000430095965162,1.0,0.03125,0.2,3.05306150496e-05,0.29803392333,0.0194630605411,1.53443381066e-08,0.0,0.0,0.254765174101,0.000241840398474,0.0192123920201,0.0,0.90373559965,1.0,3.0223692673e-08,7.40695544318e-06,1.53443362801e-08,1.0,0.0,0.10227275,0.096645418205,0.0,1.0,0.0,0.150914358499,1.0,0.00402112181977,2.48005608774e-05,2.57665723178e-05,0.104730575333,2.06674704163e-05,0.25,0.518096524149,0.00949076931215,0.0,0.2,0.000500191677488,0.000240598528244,0.000756885887626,1.0,0.928898803601,0.96969697,0.149817079074,0.0,0.0
2,cudasdk_convolutionFFT2D,0.00190883266268,0.360176537294,1.0,0.0,0.0,0.139878054675,0.858319962043,0.299212152023,0.0312461857683,1.0,0.998603169076,0.000548578372569,0.345635114571,1.0,0.520030000288,0.503875970164,0.00567570863218,0.0,0.19721857235,0.000879235467541,0.921759892251,0.430654680179,0.000951174272409,0.0532836894301,0.0922653718141,0.37294409375,0.375,0.326137040042,1.0,0.0,0.351694058308,2.25530821067e-05,0.00204587790921,0.000879399961259,1.0,0.0,0.50724659,0.0,0.2,0.0,0.0,0.0,0.458621470294,5.47008507161e-05,0.0890589728129,0.000585593634108,1.0,0.2,0.0,0.00129780861132,0.0,0.702520954024,0.000691600617982,0.000390510406463,0.0048828125,0.351787745441,0.457818339654,1.0,0.000879400418224,0.00129780861132,0.2,0.000569140367783,0.298752556064,0.00983329383293,6.12518939989e-05,0.768292683239,0.0,1.0,0.2702495625,0.2,0.00025936775296,0.351857993889,0.172717482637,0.000134213205579,0.0,0.0,0.224343697856,0.705390939499,0.397796782752,0.979849229665,0.942198815969,1.0,0.000134213189603,6.12551055367e-05,0.000134213189603,1.0,0.0,0.125,0.0,0.0,1.0,0.0,0.186358983564,1.0,0.0297078206368,0.00150131823064,0.000543106791809,0.51107695785,0.00152066889088,0.375,0.527052885562,0.408477774055,0.0,0.3,0.31073393935,0.31073393935,0.0,1.0,0.99516691985,0.99958851,0.172893124386,0.0,0.00268555199727
3,shoc_lev1BFS,4.38280523164e-05,0.0305540515114,0.15415154,0.0,0.0,0.0406413044889,0.822558037936,0.176928659741,0.0,1.0,0.886620184156,8.92868444936e-07,0.00111978761684,1.0,0.180506859093,0.0,0.0,0.0,0.0,2.61492097647e-06,0.282056200641,0.201420905252,0.0,3.03537547999e-07,0.0,0.11735259375,0.0,0.000183109923465,1.0,0.0,0.00797563157588,1.62711025653e-05,5.6473056863e-06,2.62422075904e-06,1.0,0.0,1.0,0.0,0.2,0.0,0.0,0.0,0.183918765152,2.62515243392e-07,0.0,1.16384380843e-06,0.0,0.0,0.0,1.78871170037e-05,0.0,0.0,0.0,9.61402029976e-07,0.0,0.0889584641964,0.181995487977,0.906029317099,2.28988530662e-06,1.78871170037e-05,0.2,1.10861726308e-07,0.00136983167312,4.80375400616e-06,8.31956880054e-08,0.0731707329549,0.0,1.0,0.03085778125,0.1,1.16401112707e-06,0.00822725163045,0.0,2.6038876787e-08,0.0,0.0,0.00681973088433,0.000231737041972,0.075744802381,0.0,0.622104384377,1.0,2.60388736875e-08,8.43809647687e-08,2.60388736875e-08,1.0,0.0,0.0,0.0,0.0,1.0,0.0,0.0137047401155,1.0,0.0146449073748,2.38395298311e-08,9.07815636401e-07,4.4329480778e-05,0.0,0.0,0.731510750512,0.0170992541393,0.0,0.1,0.00105736721798,0.0010067148931,0.0,0.13382912,0.122310306183,0.9,0.0,0.0,0.0
4,rodinia_lavaMD,0.261341222349,1.27880084752e-06,0.25,1.0,0.0,0.000211474103274,0.043187650648,1.0,0.30545129989,1.0,0.774175108929,0.0382817345766,0.00723284204335,1.0,0.0457509451271,0.722070570671,1.0,1.0,0.00260120837647,0.0657592643392,0.492027018754,0.00844635758386,0.000408647785726,0.0108471166361,0.0135911352235,0.567963375,0.0,0.00180292849367,1.0,1.0,0.00837212341094,0.0033448475452,0.0135495500559,0.0657593800593,1.0,0.0,0.97580439,0.0,0.0,0.0,1.0,1.0,0.0402494551754,0.0010096147937,0.0211876626687,0.0345583597084,0.111111111111,0.1,1.0,0.116346636208,0.0,0.000603250117646,0.0,0.00946041924071,0.0,0.01579722118,0.0394681752684,0.775411862963,0.0648965248709,0.116346636208,0.2,0.00918099071715,0.00287035399758,0.0,0.00105986023536,0.0,0.0,1.0,0.78125,0.1,0.00145748347484,0.00837212341094,0.0,0.0020414479401,0.0,0.0,0.0071587595352,1.39164690111e-07,0.0675228251041,0.0,0.00123546753089,1.0,0.0020414476971,0.00105988937439,0.0020414476971,1.0,0.0,0.130456375,0.0,0.0,1.0,0.783402101883,0.00144746162176,1.0,8.26849389527e-06,0.00511059920754,0.0268782451741,0.000132988453955,0.0,0.0,0.0269685077187,8.81632077302e-06,0.0,0.1,0.00650249180735,0.00650249180735,0.0,0.27016591,0.997335478047,1.0,0.973672872377,0.0,0.0
5,poly_gemm,0.00190697038647,7.86695030469e-05,1.0,0.0,0.0,0.00490073327871,0.667458178818,0.0277695704826,0.0,1.0,0.999372294213,0.0,1.0,1.0,0.231813868957,0.0,0.0,0.0,0.0,0.00410768715669,0.98207048548,0.0264196495992,0.000706486872424,0.00479548854166,0.0,0.18756096875,0.125,1.0,1.0,0.0,0.692637029915,0.000101659491147,0.00313275054848,0.00410780375716,1.0,0.0,0.96261411,0.0,0.0,0.0,0.0,0.0,0.205041273768,0.00260741604731,0.0,0.00940610896373,0.111111111111,0.0,0.0,0.000730015177909,0.0,0.0754951877173,0.00521765663141,0.00939055922196,0.0,0.0899809840492,0.202559622182,1.0,0.00408782153309,0.000730015177909,0.2,6.52138903418e-05,0.708730199153,0.0,0.00118552658835,0.0,0.0,1.0,0.125,0.6,0.00781917490541,0.692640841037,0.0900449439853,0.00390815269793,0.0,0.0,0.592253804555,5.65286971229e-05,0.0278145797113,0.00310246231812,0.940340617746,1.0,0.00390815223272,0.00118552726893,0.00390815223272,1.0,0.0,0.0,0.0,0.0,1.0,0.0,0.561004151909,1.0,0.00114849060958,0.00625549262767,0.00938537392734,0.00453268972041,0.00781695011799,1.0,0.569829695608,0.000127836651209,0.0,0.8,0.899023062909,0.899023062909,0.0,0.82527301,0.978192962751,1.0,0.0,0.0,0.015625
6,rodinia_hybridsort,0.00968839833373,0.00216777669487,1.0,0.0,0.0,0.0329061426064,0.572213308029,0.444357920544,0.0637613187325,1.0,0.999399731631,0.000731437830092,0.383241976895,1.0,0.358533773235,0.159149058897,0.0224543663881,0.0,0.177233988463,0.00172785736367,0.876052486582,0.204197328801,0.00120580163696,0.387825979091,0.00485225676088,0.29624321875,0.25,0.321487765045,1.0,0.0,0.213153690415,0.00089181521506,0.00220156191954,0.00172789592312,1.0,0.0,0.18034319,0.0,0.2,0.0,0.0,0.0,0.315960851476,0.000135626322357,0.159102095894,0.00155799742231,1.0,0.3,0.0,0.00509775903534,0.0400266535579,0.519607400958,0.000162733930024,0.00209333030101,0.000977277639322,0.185894128327,0.315084785719,1.0,0.00168262312133,0.00509775903534,0.4,0.001117160412,0.216541480195,0.019676171718,8.95072154272e-05,0.0,0.110104567082,1.0,0.996862875,0.3,0.00232095996582,0.21344343807,0.0761989057221,0.000972074513594,0.0,0.0,0.182261528984,0.512711831621,0.133624236978,0.00246146183503,0.961459184336,1.0,0.000972074397883,8.9588258032e-05,0.000972074397883,1.0,0.0,0.429602625,0.38658167282,0.0,1.0,0.0,0.267592932189,1.0,0.0272304808993,0.00117190351431,0.00144533323281,0.504453514407,0.00138346987285,0.375,1.0,0.00418775236718,0.0,0.3,0.344549556906,0.344543375903,0.0968813936161,1.0,0.99494227225,0.99902439,0.466313849431,0.0,0.00341796793509
7,cudasdk_MCEstimatePiInlineQ,0.000169655818066,0.00120021272271,0.125,0.0,0.0333848640973,0.000887881362977,0.27333796582,0.0853434439942,0.000138742676675,1.0,0.980270493514,3.48776736303e-05,0.31497465638,1.0,0.0241223445347,0.276914597931,3.57026807192e-05,0.0,0.00113615963516,4.7201518988e-05,0.997065485787,0.00609159725757,0.000280187530472,0.0988854505954,0.00647988314424,1.0,0.0,0.0393675304044,1.0,0.0,0.428827408873,2.4383387257e-05,8.02710913351e-05,4.73766903165e-05,1.0,0.0,0.71730127,0.586074231576,0.2,1.0,0.0,0.0,0.0225289236239,4.49659535548e-05,0.000726920459911,7.68501778229e-05,0.555555555556,0.1,0.0,6.97315369493e-05,0.0,0.380010222782,3.8798792368e-06,6.67341121257e-05,0.0,0.0102694527225,0.0212232633163,1.0,4.63130065542e-05,6.97315369493e-05,0.2,1.29696572741e-05,0.0563688545997,5.82455173246e-05,5.78355652312e-05,0.0,0.0,1.0,0.65530246875,0.1,4.4919654998e-05,0.428926530808,0.0020130711056,0.000257256662977,0.0222679958406,0.113113175947,0.31100838809,0.000184922040219,0.781366143666,1.0,0.902084312743,1.0,0.000257256632354,5.78473562867e-05,0.000257256632354,1.0,0.0,0.125,0.0,0.0759123155283,1.0,0.0,0.0408998742332,1.0,0.00020404663603,1.16403954253e-05,6.13963922903e-05,0.437775296757,1.35806823477e-05,0.375,0.19328275899,0.0184172940948,0.42334194847,0.1,0.283169480318,0.283169480318,0.0,0.125,0.971919245044,0.29841184,0.172893124386,0.275272080491,3.49245965481e-05
8,cudasdk_MCEstimatePiInlineP,0.000230384390733,0.0530622833559,0.23214286,0.0,0.0200932099345,0.0971349627676,0.831952578806,0.113852165995,0.000138742676675,1.0,0.965354943008,3.48776736303e-05,0.0168639402678,1.0,0.588806376756,0.276914597931,3.57026807192e-05,0.0,0.0328690381561,0.00214721327127,0.88630900149,0.159290124044,4.15627082052e-06,0.00929401618219,0.159276744433,1.0,0.5,0.0040072902845,1.0,0.0,0.461713540472,0.0011257139435,0.00201924161477,0.0021475055142,1.0,0.0,0.99993224,0.563188032833,0.2,0.418488289521,0.0,0.0,0.546159646452,0.000692087758197,0.0210278404421,0.00313861570903,0.333333333333,0.1,0.0,0.000121734381402,0.0,0.166963069743,3.8798792368e-06,0.00251419144148,0.0,0.393395843654,0.528955945932,0.978413151191,0.00152979431601,0.000121734381402,0.2,0.000772900975398,0.143113071684,0.0,0.000206589455385,0.195121950284,0.0,1.0,1.0,0.7,0.00311599027451,0.462193909752,0.0541370975534,2.02061683867e-05,0.00128655405119,0.0174989606042,0.3947978366,0.0125397683977,0.998486840344,0.624250162159,0.485547446253,1.0,4.24043058001e-05,0.000207218314352,4.24043058001e-05,1.0,0.0,0.125,0.0,0.00115202800995,1.0,0.0,0.729350197304,1.0,0.0286956963271,1.16403954253e-05,0.00117257295051,0.129557683888,1.35806823477e-05,0.375,0.744770122862,0.0203216193818,0.503220611916,0.8,0.0318184630746,0.0318184630746,0.0,0.25,0.940444014857,0.95876289,0.172893124386,0.0278449409367,3.49245965481e-05
9,cudasdk_shflscan,0.000883853294416,0.119632667944,1.0,0.0,0.0,0.0670338872392,0.572213308029,0.33173339854,0.0232286708166,1.0,0.992548614424,6.78021975373e-05,0.49418496494,1.0,0.453709597374,0.449639320038,0.00543659377113,0.0,0.214921127006,0.000352280104944,0.896299206171,0.264983693685,0.000233229766831,0.0262251382512,0.316804878018,0.46875,0.375,0.49418496494,1.0,0.0,0.172105116737,0.000148968225965,0.000582554226654,0.000352496284775,1.0,0.0,1.0,0.0,0.2,0.0,0.0,0.0,0.468129897006,2.68206350363e-05,0.125052211926,0.000677307206851,1.0,0.3,0.0,0.000449128526837,0.0,0.365904898289,0.0,0.000241774827488,0.0,0.275320504322,0.45020947614,1.0,0.000322712987421,0.000449128526837,0.6,0.000188972304655,0.207730450823,0.000607975116404,1.46297980536e-05,0.317073167613,0.0,1.0,0.46875,0.1,6.03423368272e-05,0.173885529106,0.0,6.02614005642e-05,0.0,0.0,0.147162086011,0.533420984822,0.229903999626,0.000756135101752,0.529408895095,1.0,6.0261393391e-05,1.46305868907e-05,6.0261393391e-05,1.0,0.0505327736785,0.161458375,0.0,0.0,1.0,0.0,0.0871738921308,1.0,0.0324780693763,3.01719049424e-06,0.000332216084232,0.777638282796,0.0,0.25,0.518100472074,0.0767416641687,0.0,0.3,0.444296049469,0.444283680824,0.0,1.0,0.981929393453,1.0,0.259020698765,0.0,0.0
10,rodinia_dwt2d,0.00143022767619,0.0239623330373,1.0,0.0,0.0,0.0456157717721,0.572213308029,0.229385596117,0.00902113465763,1.0,0.959856630921,2.03877441206e-06,0.495925007288,1.0,0.291704682665,0.471677141795,0.00222278957754,0.0,0.241100412392,0.000224802707341,0.919204946636,0.332976360673,8.84682935538e-05,0.0395234217666,0.281076810854,0.25,0.25,0.495925007288,1.0,0.0,0.173340350275,6.62837638408e-05,0.000488636018495,0.000224904698693,1.0,0.0,0.25181072,0.0,0.2,0.0,0.0,0.0,0.331621352018,1.15440483302e-05,0.147688075203,0.000256196796073,1.0,0.3,0.0,0.000770571851725,0.0,0.407887420546,0.0,0.000132712398019,0.0,0.177645394579,0.358695881199,1.0,0.000209918146292,0.000770571851725,0.4,7.11424371353e-05,0.179992720179,0.0,6.99656545804e-06,0.0609756150582,0.0,1.0,0.125,0.1,2.5972347476e-05,0.175166508395,0.0,9.14187765597e-05,0.0,0.0,0.148218298328,0.356826782323,0.0819892155083,0.0157590643091,0.503374932975,1.0,9.14187656776e-05,7.06898004717e-06,9.14187656776e-05,1.0,0.0,0.125,0.0,0.0,1.0,0.0,0.079019021507,1.0,0.027417224355,0.0,0.000183069689672,0.775246485389,0.0,0.25,0.518100472074,0.0146571332851,0.0,0.2,0.445854200028,0.445848019025,0.0,1.0,0.982653628654,0.0,0.172893124386,0.0,0.0
11,cudasdk_vectorAdd,2.28124289402e-05,0.154208594623,1.0,0.0,0.0,0.0341321387019,0.572213308029,0.102044119349,0.0,1.0,0.950716223462,0.0,0.305531674564,1.0,0.362205225771,0.0,0.0,0.0,0.0,5.00771392922e-06,0.802358018897,0.204635698287,8.78034701477e-07,0.000261649366375,0.0,0.24992003125,0.25,0.305531674564,1.0,0.0,0.338731750925,2.77913099717e-07,1.04645920104e-05,5.12434254069e-06,1.0,0.0,0.94208,0.0,0.0,0.0,0.0,0.0,0.334995805799,1.2934334026e-06,0.0,5.825920638e-06,0.333333333333,0.0,0.0,1.54958970998e-05,0.0,0.0771069104009,0.0,4.07520500214e-06,5.82076609135e-06,0.19187636065,0.336260950678,0.99979582968,4.88651157441e-06,1.54958970998e-05,0.2,1.70201697866e-06,0.419984587164,0.0,7.05526526504e-07,0.426829267045,0.0,1.0,0.12496,0.2,2.91002781767e-06,0.339787800298,0.00747352694205,1.4530623207e-06,0.0,0.0,0.289639680733,0.091221758544,0.147871998291,0.0,0.512974598398,1.0,1.45306214774e-06,7.06316650913e-07,1.45306214774e-06,1.0,0.0,0.0,0.0,0.0,1.0,0.0,0.171572848479,1.0,0.00581667794486,1.16403954253e-06,3.49175438855e-06,0.198930720533,9.70048739123e-07,0.25,0.518100472074,0.103018708233,0.0,0.4,0.274945897965,0.274680021882,0.0,1.0,0.570207174302,1.0,0.0,0.0,0.0
12,rodinia_gaussian,2.3960438568e-07,0.656362124314,0.3049696,0.0,0.0,0.00233833057527,0.454116377795,0.154104204009,0.0,1.0,0.854241346449,0.0,0.0039016499412,1.0,0.0446230543744,0.0,0.0,0.0,0.0,7.68376966032e-08,0.115665367426,0.449432627397,0.0,3.03537547999e-07,0.0,0.15208334375,0.0,0.00107753147952,1.0,0.0,0.00373216824874,6.37763097834e-07,7.73472267978e-08,8.36982046543e-08,1.0,0.0,1.0,0.0,0.2,0.0,0.0,0.0,0.0490179766717,6.88106570184e-09,0.0,6.62713365008e-08,0.0,0.0,0.0,1.68326038784e-07,0.0,0.0,0.0,2.1600355506e-08,9.31322574615e-10,0.0158687527432,0.0378963295755,0.856630824706,7.39410368648e-08,1.68326038784e-07,0.2,2.3124462495e-08,0.00120525825561,3.75293281731e-08,4.28960128115e-09,0.756097565342,0.0,1.0,0.25,0.1,1.16401112707e-08,0.0074952622957,5.06533046036e-05,1.02295587378e-08,0.0,0.0,0.00319126865745,0.0134580605218,0.0525858554336,0.0,0.15474272381,1.0,1.02295575201e-08,7.50680154798e-09,1.02295575201e-08,1.0,0.0,0.0,0.0,0.0,1.0,0.0,0.0012299468969,1.0,0.00295215560514,2.28151750336e-09,9.14845748771e-09,0.000421130096443,3.82199203214e-09,0.0,0.371626463901,1.0,0.0,0.1,0.00397620726079,0.00350767328054,0.0,0.2501948,0.18924039525,1.0,0.0,0.0,1.1408701539e-08
13,cudasdk_MCEstimatePiQ,0.000169655818066,0.0409149424798,1.0,0.0,0.0163287845123,0.0185867347725,0.858319962043,0.56878301117,0.000138742676675,1.0,0.994190864696,3.48776736303e-05,0.0820432053198,1.0,0.297699440822,0.276914597931,3.57026807192e-05,0.0,0.0272475600575,3.79245867691e-05,0.874183213273,0.240998615276,1.14684286623e-05,0.00245723763024,0.0947647291231,0.25,0.125,0.0820432053198,1.0,0.0,0.2569014763,0.000481971308136,8.12271309312e-05,3.79314470175e-05,1.0,0.0,0.99305556,0.573537957244,0.2,0.418488289521,0.0,0.0,0.290465364179,2.5868668052e-06,0.0174313602643,2.91377940293e-05,0.555555555556,0.1,0.0,6.97315369493e-05,0.0,0.381933173768,3.8798792368e-06,2.88102189959e-05,0.0,0.140263190373,0.271289015101,1.0,3.20708956638e-05,6.97315369493e-05,0.2,1.5981332992e-05,0.318525382316,0.0,1.41105305301e-06,0.158536583806,0.0,1.0,0.125,0.2,1.21168902283e-05,0.257301783352,0.0194666495627,5.81224928281e-06,0.00828965239166,0.240503536038,0.219668989909,0.00139011608951,0.128154992824,0.00358094709373,0.664613540968,1.0,2.38516082977e-05,1.41184311219e-06,2.38516082977e-05,1.0,0.0,0.125,0.0,0.122849383043,1.0,0.0,0.130124554155,1.0,0.007983933199,6.9842372552e-06,2.87804187363e-05,0.125423431008,7.76038991298e-06,0.125,0.686230800207,0.0779495001146,1.0,0.2,0.302720584135,0.302702034486,0.0,1.0,0.958906191728,0.95876289,0.172893124386,0.78152709985,2.32830643654e-05
14,shoc_lev1md5hash,0.0272795817355,9.6747096846e-05,0.06730769,0.0,0.0,0.160737488377,0.0,0.239360773813,0.0,1.0,0.987674828769,0.000348888344859,0.0,1.0,0.810147506957,0.0,0.0,0.0,0.0,0.0119823268389,0.877414648083,0.0496654132557,8.99625718726e-10,2.32712120133e-06,0.0,0.0,0.875,0.0,1.0,0.0,0.0,7.76251057311e-05,0.0410256917501,0.0119824694552,1.0,0.0,0.0,0.0,0.2,0.0,0.0,0.0,0.721253107837,0.0,0.0,4.65626877985e-05,0.0,0.0,0.0,0.00974686976814,0.0,0.0,0.0,1.16440812974e-05,0.0,0.596036369317,0.720253359414,0.99999963871,0.0118776533801,0.00974686976814,0.2,0.000757691728066,0.0,0.00469266719476,0.0,0.0,0.0,1.0,0.03125,0.0,0.0,3.99763628529e-06,0.0,3.02236962706e-09,0.0,0.0,0.0,6.09819672065e-05,0.997156087687,0.0,0.0,1.0,3.0223692673e-09,1.01031389255e-08,3.0223692673e-09,1.0,0.0,0.0,0.0,0.0,1.0,0.0,0.0,1.0,0.0961037148795,2.32882407037e-05,2.79342213365e-10,0.0,0.0,0.0,0.0,5.28979246381e-05,0.0,0.1,0.0,0.0,0.0,0.0,0.997980553277,1.0,0.0,0.0,0.0
15,parboil_bfs,0.00226158805988,0.0172850976629,0.16302412,0.0,0.0,0.00296952718114,0.39987888762,0.0851786692423,0.00294625556878,0.924480733684,0.658550090574,0.0,0.02570856906,1.0,0.0623566340596,0.264986347128,0.00109076128075,0.0,0.0150427206821,0.000106776651332,0.577357508724,0.0732282024046,4.11182931001e-05,0.0015923579768,0.827296231906,0.822484375,0.0,0.00427491248261,1.0,0.0,0.0504424340784,0.000221218746221,7.42776393883e-05,0.000106911116568,1.0,0.0,0.76340636,0.0,0.2,0.0,0.0,0.0,0.0604617117648,4.84763318094e-06,0.0138446848663,0.000159582122916,0.111111111111,0.1,0.0,0.00098592026452,0.620299840229,0.0355912246294,0.0,5.61419308994e-05,0.0,0.0229194758701,0.0603426628568,0.758811873457,0.00010091198291,0.00098592026452,0.2,3.90372701849e-05,0.00206200809916,0.0,1.065796592e-05,0.0,1.0,1.0,0.240057,0.1,3.29689855586e-05,0.0902329033901,0.0,1.24054323793e-05,0.0,0.0,0.014408799919,0.00043341451088,0.0258421368953,0.0,0.570595102447,1.0,4.7008071664e-05,1.90622525835e-05,1.24026410233e-05,1.0,1.48045235386e-05,0.275796125,1.0,0.0,1.0,0.0,0.0191619196762,1.0,0.00221241272369,0.0,4.53133574699e-05,0.0119265303964,0.0,0.0,0.530129366165,0.0547096785569,0.0,0.1,0.0876027932026,0.0231064088571,1.0,0.16329588,0.958804836989,0.94057913,0.380077525277,0.0,0.0
16,rodinia_backprop,0.00572091206872,0.00103467776573,0.79999756,0.00104487126927,0.0,0.0974211106475,0.66842331956,0.815064959385,0.0190406444526,1.0,0.999992258065,0.00530292426816,0.142573195375,1.0,0.792874368981,0.300700173955,0.0047888791584,0.000477674927114,0.132197024121,0.00133259251325,0.985745770667,0.149236817113,0.000257453988559,0.0282914195196,0.211807416134,0.2522300625,0.625,0.114058559254,1.0,0.00382092467351,0.185730788688,7.9028853737e-06,0.00217717029736,0.00133270913276,1.0,0.0,0.62838885,0.0,1.0,0.0,0.000826723722276,1.0,0.750233637966,9.57873835978e-05,0.0826572770293,0.000649643019282,0.444444444444,0.2,0.000682335915376,0.00257534383651,0.0,0.201242688531,0.000203417412531,0.00024407154115,0.000114440917969,0.486510387051,0.749308335839,0.999992536774,0.00124341199025,0.00257534383651,0.4,0.000331998496046,0.161689978157,0.0393523528184,4.34639898864e-05,0.0,0.0,1.0,0.15624809375,0.2,0.000213599301048,0.185746037272,0.0155505460132,7.61837087395e-05,0.0,0.0,0.158813002298,0.0119104100031,0.523166612741,0.00264174545081,0.121825417974,1.0,7.6183699671e-05,4.34656791315e-05,7.6183699671e-05,1.0,0.0,0.125,0.0,0.0,1.0,0.355205351856,0.112090373377,1.0,0.0260322995146,0.000633177912313,0.000221209213204,0.191441464604,0.000120788916918,0.125,0.576427373536,0.00343836510148,0.0,0.2,0.128182771798,0.128176590795,0.0,0.70212697,0.992136882301,1.0,0.172893124386,0.0,0.0
17,shoc_lev1fft,7.44865019088e-06,0.0568425465412,1.0,0.000310192777231,0.0,0.0293465147958,0.0,0.852014067378,0.00195288661052,1.0,1.0,6.28579385235e-05,0.233832418218,1.0,0.274286952811,0.503875970164,0.000532097684267,0.000108221574344,0.147643603034,3.37963900456e-05,0.866222476175,0.0388009224433,1.71855501048e-05,0.00311055161272,0.157162000259,0.5,0.125,0.233832418218,1.0,0.000477611940299,0.393154376499,1.39289324153e-05,4.56669176164e-06,3.38921320224e-05,1.0,0.0,0.46357422,0.0,0.2,0.0,0.000232513287435,0.9,0.26861361252,1.69532902946e-06,0.100009216788,3.4311426007e-05,0.888888888889,0.2,0.000767616191904,2.52984134761e-06,0.0,0.642987349155,3.17839707079e-05,1.6207528818e-05,0.000274658203125,0.15312094118,0.26124838905,1.0,3.05361236677e-05,2.52984134761e-06,0.2,2.22308066167e-06,0.487461768951,0.00215208179476,1.84949545764e-06,0.182926832387,0.0,1.0,0.5,0.2,7.62846332235e-06,0.393909240756,0.157225877978,7.61823137997e-06,0.0,0.0,0.336174886993,0.228083968857,0.28234661978,0.840646337991,0.545611478281,1.0,7.61823047314e-06,1.86287206836e-06,7.61823047314e-06,1.0,0.0,0.25,0.0,0.0,1.0,0.551452989476,0.199138746468,1.0,0.0340168392827,0.000112141148325,3.05115955466e-05,0.345220179011,9.85383269591e-05,0.25,0.0,0.111596988345,0.0,0.2,0.210257836131,0.210220736834,0.0,1.0,0.877247574447,0.99279785,0.345786248772,0.0,0.000110626220703
18,rodinia_needle,3.09671618843e-05,0.0506274697931,0.69565217,0.0,0.0,0.0111751846544,0.373690321042,0.408642966188,0.0011915898099,1.0,0.356115436714,0.0,0.0586248901521,1.0,0.129622385814,0.0471093043731,0.000635395131029,0.0,0.249485945416,7.3934939176e-06,0.149133726507,0.21569418924,3.81171417024e-06,0.000551224187167,0.178718046072,0.16118421875,0.0,0.0407774502564,1.0,0.0,0.0466299892855,2.31425024093e-05,4.53495152578e-06,7.44807302401e-06,1.0,0.0,0.14144646,0.0,0.0,0.0,0.0,0.0,0.128397854771,3.27031701514e-07,0.330717354293,1.25342180597e-05,0.222222222222,0.3,0.0,3.12888401505e-05,0.0,0.131127309443,0.0,3.5428307229e-06,0.0,0.0495302665304,0.126924618584,0.371520987133,6.62892829674e-06,3.12888401505e-05,0.2,1.1925324886e-06,0.0316421872991,0.0,2.40274113866e-07,0.158536583806,0.0,1.0,0.08984375,0.1,5.55466109837e-07,0.0493444500763,0.0,6.89797744884e-07,0.0,0.0,0.0398719493298,0.0367942255783,0.149286556064,0.000206150550555,0.205661516885,1.0,6.89797662775e-07,2.52070494085e-07,6.89797662775e-07,1.0,0.0,0.40625,0.0,0.0,1.0,0.0,0.0132393559212,1.0,0.00284423420123,0.0,3.55844734199e-06,0.16838926816,0.0,0.0,0.369221027029,0.0334447128524,0.0,0.1,0.0528102385562,0.0527051283073,0.0,0.54734848,0.748050525312,0.74118453,0.535968685597,0.0,0.0
19,cudasdk_simpleCUBLAS,5.23760638063e-05,0.010575055234,0.81394222,0.0,0.0,1.0,0.671430449269,0.12638830314,0.00392627471622,1.0,0.981569745087,0.0,0.0455917828085,1.0,0.797526549221,0.88934218075,0.00303461960558,0.0,0.163302971929,0.000197845482117,0.121552762076,0.480658439983,9.13569917367e-06,0.00105701892132,0.119619211382,0.2189725625,0.75,0.0371116748877,1.0,0.0,0.174655641947,0.00067060519381,3.28035860246e-05,0.000197890760116,1.0,0.0,0.86482344,0.0,0.0,0.0,0.0,0.0,0.777123142395,9.87531229153e-06,0.313782128729,0.000105527050984,0.222222222222,0.4,0.0,1.90059900851e-05,0.0,0.0644243421565,4.76759560618e-06,3.63826332804e-05,0.0,0.499543056374,0.760042547168,1.0,0.000179322107516,1.90059900851e-05,0.4,4.50264381242e-06,0.204052885209,0.0,4.52993183713e-06,0.0243902485808,0.0,1.0,0.09451496875,0.1,1.78538354692e-05,0.176253054936,1.0,2.70013852682e-06,0.0,0.0,0.355180159633,0.00112979462019,0.0595141935173,0.0,0.0477399362943,1.0,2.70013820541e-06,4.5698924371e-06,2.70013820541e-06,1.0,0.0,0.241721875,0.0,0.0,1.0,0.0,0.084534131497,1.0,0.016228339918,0.000803913645022,8.98223490364e-05,0.0645353358138,0.00133741938929,0.125,0.614028152626,0.00101828504928,0.0,0.2,0.0410066138725,0.040988064224,0.0,0.39620378,0.821387356973,0.5260892,0.205896520007,0.0,0.00400543212891
20,poly_syr2k,0.488184534874,0.0,1.0,0.0,0.0,0.00011904625535,0.0953947563425,0.0634534614512,0.0,1.0,0.999923994841,0.0,0.109381768511,1.0,0.0425710353635,0.0,0.0,0.0,0.0,0.542769543592,1.0,0.00447275319362,0.247099704067,0.786044881467,0.0,0.56246184375,0.0,0.109381768511,1.0,0.0,1.0,0.000842250590366,0.300305650245,0.542769656497,1.0,0.0,0.98450019,0.0,0.0,0.0,0.0,0.0,0.0421594718902,1.0,0.0,1.0,0.111111111111,0.0,0.0,0.167417944559,0.0,0.0451948561649,1.0,1.0,1.0,0.0147313055121,0.0413734277515,1.0,0.481382865115,0.167417944559,0.2,0.109606972993,0.155015530208,0.0,1.0,0.0,0.0,1.0,0.125,0.2,1.0,1.0,0.0198021490802,0.249756097561,0.0,0.0,0.855070951993,9.35186717543e-05,0.196042372619,0.730833671685,0.609815094828,1.0,0.249756067831,1.0,0.249756067831,1.0,0.0,0.0,0.0,0.0,1.0,0.0,0.122801968739,1.0,0.000144746530198,1.0,1.0,0.00127447265662,1.0,0.875,0.129563063697,0.0,0.0,0.2,0.0983367325531,0.0983367325531,0.0,0.12502589,1.0,0.99687583,0.0,0.0,1.0
21,cudasdk_concurrentKernels,1.74542929151e-06,0.262609391967,0.25,0.0,0.0,0.0,0.0,0.79001022348,1.43033687294e-06,1.0,0.527970615908,0.0,8.45122746409e-05,1.0,0.02466591703,0.170492516288,3.68068873394e-07,0.0,0.00134293624082,0.000265328341614,1.12238026243e-05,0.455821306374,6.29738003108e-09,4.04716730666e-07,0.0934319535714,0.0625,0.0,2.11280686602e-05,1.0,0.0,9.75985424892e-05,0.0539898759928,2.0066727601e-07,0.000265328187338,1.0,0.0,1.0,0.0,0.0,0.0,0.0,0.0,0.0261974550137,1.03474672208e-10,0.000859452919715,1.86155439609e-08,0.111111111111,0.1,0.0,0.00143602904299,0.0,0.0,0.0,6.14492872152e-09,0.0,0.00838101945258,0.0254199748098,0.546753780163,0.000221107025955,0.00143602904299,0.2,8.68100237525e-08,0.000121009865367,0.0,1.12884244241e-10,0.756097565342,0.0,1.0,0.03125,0.1,9.31208901654e-10,0.00122583768761,0.0,2.32489971313e-10,0.0,0.0,8.34536786394e-05,0.036767422459,0.0725620717001,0.0,0.128537984342,1.0,2.32489943638e-10,1.91903197467e-09,2.32489943638e-10,1.0,0.0,0.193181875,0.0,0.0,1.0,0.0,9.88703296727e-05,1.0,0.00105431278336,0.0,4.56258948496e-09,0.000554118550398,0.0,0.0,0.725340660904,0.111596988345,0.0,0.1,0.000557175540489,7.59784840011e-05,0.0,1.0,0.145296561113,1.0,0.345786248772,0.0,0.0
22,cudasdk_fastWalshTransform,0.0152557662744,0.000610918041247,1.0,0.0,0.0,0.0603595501702,0.572213308029,0.283789820583,0.406200414988,1.0,1.0,5.71435804759e-06,0.317883889029,1.0,0.521798876111,0.271317830864,0.0737842122183,0.0,0.919829337263,0.00306733889477,0.972008856601,0.0701310686843,0.00188669505731,0.106167822268,0.212098159084,0.25,0.375,0.317883889029,1.0,0.0,0.205151372794,0.000143167089302,0.00562616425034,0.00306756953927,1.0,0.0,0.0,0.0,0.2,0.0,0.0,0.0,0.550650900867,0.000217002115771,0.415371914336,0.00336716693308,1.0,0.8,0.0,0.00811132981229,0.0,0.598137067608,0.000650935720098,0.00113492122374,0.0107421875,0.313029369334,0.550822969423,1.0,0.00256794446337,0.00811132981229,0.6,0.000569140367783,0.254361790336,0.000153720128197,0.000118367709289,0.0,0.0,1.0,0.125,0.1,0.00048822165263,0.205158999133,0.0739671078012,0.000243783404159,0.0,0.0,0.175418979638,0.505449772764,0.298728243164,0.0671339364908,0.965537092781,1.0,0.00024378337514,0.000118369391609,0.00024378337514,1.0,0.0,0.25,0.0,0.0,1.0,0.0,0.103912329752,1.0,0.0267993380033,0.00214822771214,0.00292911538394,0.49975649387,0.00179021889495,0.25,0.518100472074,0.00186906000388,0.0,0.2,0.285784947564,0.285784947564,0.0,1.0,0.99703129064,1.0,0.345786248772,0.0,7.62939453125e-06
23,cudasdk_simpleCUFFTcallback,3.19624066666e-07,0.87870364703,1.0,0.0,0.0,0.00197915986972,0.490468551374,0.138573102296,3.57584218235e-06,1.0,0.394096865215,6.97553472606e-09,0.00161981857021,1.0,0.026503855179,0.121625234004,6.0623108559e-07,0.0,0.0020255213829,1.1388444318e-07,0.0262585964125,0.866682606183,2.76185095649e-07,1.65933859573e-05,0.0159486857478,0.21875,0.0,0.00113387299841,1.0,0.0,0.00251413844601,6.65424499571e-06,7.01002794221e-08,1.21964596946e-07,1.0,0.0,0.75,0.0,0.2,0.0,0.0,0.0,0.0248954301183,2.89729082183e-09,0.000853428716901,4.46773055061e-08,0.111111111111,0.1,0.0,2.42587526483e-07,0.0,0.022619651003,1.73818589809e-08,1.76899463195e-08,6.70552253723e-08,0.00903014454526,0.0544318190551,0.39554016624,1.15256544061e-07,2.42587526483e-07,0.2,2.52050987292e-08,0.000779303530327,7.03674903246e-08,3.16075883874e-09,0.695121950284,0.0,1.0,0.078125,0.1,2.28146180905e-08,0.00704158315423,0.000264496090547,4.64979942625e-09,0.0,0.0,0.00214976675447,0.023495341629,0.141627568957,0.0,0.179762988733,1.0,4.64979887276e-09,1.23043814847e-08,4.64979887276e-09,1.0,0.0,0.25,0.0,0.0,1.0,0.0,0.000727685622742,1.0,0.00912005299243,3.35243388249e-08,7.96125308091e-09,0.0204114718469,4.20613133284e-08,0.0,0.296057417055,0.323532523407,0.0,0.1,0.00189313052871,0.00145625425234,0.0,0.72916667,0.100771012573,1.0,0.345786248772,0.0,8.56816768646e-08
24,poly_gesummv,0.000953484965906,2.61921664496e-05,1.0,0.0,0.0,2.52976467524e-05,0.182076535086,0.000304812847343,0.0,1.0,0.999960103227,0.0,0.0544914357091,1.0,0.00815540633557,0.0,0.0,0.0,0.0,0.00100984491601,0.330522621064,0.00155414753913,0.0151370888489,0.0137974004235,0.0,0.45832484375,0.0,0.0544914357091,1.0,0.0,0.279391078404,0.00160499148412,0.000586034991224,0.00100990878804,1.0,0.0,0.5444036,0.0,0.0,0.0,0.0,0.0,0.00728424782957,0.00238707625251,0.0,0.00312355052161,0.444444444444,0.0,0.0,0.000325715835813,0.0,0.35326678782,1.58919853539e-07,0.00312432290392,0.0,0.00279192460154,0.00736172108303,1.0,0.000939950352173,0.000325715835813,0.2,9.53197920272e-05,0.0760707707385,0.0,0.00218983152021,0.0,0.0,1.0,0.125,0.1,0.00292944911052,0.279391078404,0.00331555293808,0.000975252651502,0.0,0.0,0.238899195389,6.87473569146e-06,0.00208708938329,4.29569509984e-05,1.0,1.0,0.000975252535413,0.00218983301102,0.000975252535413,1.0,0.0,0.0,0.0,0.0,1.0,0.0,0.0458974607763,1.0,1.30891216103e-06,0.000781364429743,0.00312458044204,0.00284816933464,0.00130221577732,0.25,0.219207584394,0.000282122264736,0.0,0.1,0.0489890574335,0.0489890574335,0.0,0.21960489,0.917469052363,0.99478881,0.0,0.0,0.00390672683716
25,parboil_cutcp,0.0626650312147,0.000541630286236,1.0,0.0,0.0,0.0759369063482,0.572213308029,0.265282422461,0.00995156879348,0.999871876078,0.842304964883,2.43083434134e-05,0.00164798932596,1.0,0.739382054643,0.635879053804,0.0344946570256,0.0,0.0219452611032,0.00419970532942,0.853198783748,0.167969922144,7.47858859977e-06,0.000899786471453,0.0763961164247,0.2492559375,0.5,0.00164798932596,1.0,0.0,0.018703847449,0.00176526467447,0.000768663326095,0.00419993520387,1.0,1.0,0.95028987,0.0,0.2,0.0,0.0,0.0,0.754745472854,1.67773833518e-05,0.189123097631,0.00130454455742,0.111111111111,0.2,0.0,0.0289251217508,0.0,0.00285690148253,0.0034837217618,0.000349934697275,0.00535608956125,0.398869915751,0.755356260648,0.918914178902,0.00363439542825,0.0289251217508,0.2,0.000784668624242,0.0231904084214,0.116359653854,9.15152568059e-06,0.0,0.0,1.0,0.125,0.1,3.77465528285e-05,0.0187953430457,0.371965586315,1.80040233784e-06,0.0,0.0,0.0159931166441,5.98964826236e-05,0.866202739732,0.0,0.00899145926765,1.0,1.80040212353e-06,9.19419507489e-06,1.80040212353e-06,1.0,0.0,0.125,0.0,0.0,1.0,0.0,0.00947378678137,1.0,0.0118140496173,0.0102180244983,0.0012950051043,0.0029700754213,0.00931847686249,0.0,0.518100472074,0.000260081462804,0.0,0.1,0.00148158041146,0.00148158041146,0.0,1.0,0.963174814371,0.57301841,0.342805398415,0.0,0.0200532275485
26,parboil_lbm,0.0178135726442,0.000106419481438,0.87692308,0.0,0.0,0.00940678770913,0.572213308029,0.279339460478,0.0,1.0,0.849038518223,0.0,0.31690727203,1.0,0.172514042832,0.0,0.0,0.0,0.0,0.00396822551771,0.644124849499,0.0252117187962,0.00485799327513,0.537504694714,0.0,0.234375,0.125,0.277904247728,1.0,0.0,0.162158451166,1.08425415779e-05,0.00345607190363,0.00396831879341,1.0,0.0,0.0,0.0,0.0,0.0,0.0,0.0,0.177255898847,0.000558763229924,0.0,0.00225173545289,0.888888888889,0.0,0.0,0.0111636353812,0.0,0.472778599189,0.00169163883169,0.00213173145027,0.0120548884152,0.0729868013774,0.176384090572,0.885061823122,0.00340986836254,0.0111636353812,0.2,0.00117691963176,0.201055997798,0.0,0.00030478745945,0.0,0.0,1.0,0.133634875,0.1,0.00134094081838,0.162158451166,0.0728274454478,0.00136006633218,0.0,0.0,0.138656981213,0.289809326005,0.311246144333,0.861864859716,0.175164619369,1.0,0.00136006617028,0.000304789124535,0.00136006617028,1.0,0.0,0.0,0.0,0.0,1.0,0.0,0.0876122425395,1.0,0.00165077767021,0.00664011464316,0.00196098231454,0.452862043891,0.00694333266296,0.25,0.518100472074,0.000105795849276,0.0,0.2,0.284906946359,0.284906946359,0.0,1.0,0.999572961163,0.26012564,0.0,0.0,0.0122663776856
27,cudasdk_boxFilterNPP,0.00015360823477,0.019361033206,1.0,0.0,0.0,0.247468946313,0.271558863091,0.126868123258,0.0,0.31204091086,0.567942599186,9.14297287615e-05,0.0383152561795,1.0,0.478160153571,0.0,0.0,0.0,0.0,7.3301638002e-05,0.345466604085,0.491365688011,8.45108400172e-06,0.000536957922411,0.0,0.115234375,0.375,0.0383152561795,1.0,0.0,0.238937244525,5.78938218887e-05,0.000122536960802,7.34187235122e-05,1.0,0.0,0.91128472,0.0,0.2,0.0,0.0,0.0,0.471175311168,6.25152579613e-06,0.0,2.59240065199e-05,0.111111111111,0.0,0.0,7.48011211762e-05,0.0,0.0710046062195,1.01708706265e-05,1.23939488114e-05,0.0,0.365614510492,0.445155822435,0.57290613086,6.57771841162e-05,7.48011211762e-05,0.2,5.38971854778e-06,0.104508090978,0.0,5.20170597461e-06,0.0365853664774,0.0,1.0,0.25,0.1,1.33498108141e-05,0.244183166726,0.00543172516368,1.90455784499e-06,0.0,0.0,0.204308297142,0.00440737356874,0.136428183439,0.00119758556247,0.302387073846,1.0,1.90455761828e-06,5.31447684327e-06,1.90455761828e-06,1.0,0.0,0.0,0.0,0.0,1.0,0.0,0.0753055895462,1.0,0.15635721956,6.10291963675e-06,7.24648619246e-06,0.0390588620828,5.08584913337e-06,0.25,0.230266874175,0.00707068925996,0.0,0.2,0.0344710296184,0.0344462989667,0.0,0.35277778,0.764726546906,0.85449219,0.0,0.0,0.0
28,cudasdk_dxtc,0.0107937524703,0.000355855399478,0.25,0.0,0.0,0.237770245096,0.572213308029,0.480925111349,0.0410749839802,0.961461633859,0.939178324464,0.0123772995311,0.000563415151965,1.0,0.668832749111,0.513187189953,0.019244199581,0.0,0.0591829413976,0.00639264084156,0.297654225252,0.147752159759,4.2516311467e-06,0.000425559642295,0.211316326259,0.24609375,0.625,0.000140853786145,1.0,0.0,0.0389059818577,0.000158415897168,0.00639867244785,0.00639272495327,1.0,0.5,0.9927898,0.0,0.4,0.0,0.0,0.0,0.73066383929,5.34028644279e-05,0.0689341754326,0.00454140566126,0.111111111111,0.1,0.0,0.0284303422121,0.0,0.00104715114153,0.00782902766477,0.00120737924387,0.000789642333984,0.380807814528,0.729625684568,0.961459365559,0.00517064670247,0.0284303422121,0.6,0.000574072515977,0.0482385034297,0.0245952205115,2.91295534578e-05,0.0,0.0,1.0,0.03125,0.1,0.000120148297327,0.0389822288706,0.466272271428,9.52278922496e-07,0.0,0.0,0.0332673749453,0.00127694736352,0.0399574404196,0.0,0.108681217976,1.0,9.52278809142e-07,2.91854849026e-05,9.52278809142e-07,1.0,0.0,0.17387825,0.0,0.0,1.0,0.0,0.0197064789822,1.0,0.0742748750336,0.0133978157651,0.00406126358211,0.000908754419864,0.0177546993246,0.0,0.516052648873,6.17142454111e-05,0.0,0.1,0.000506523215609,0.000506523215609,0.0,1.0,0.99772883463,0.9375,0.129885786802,0.0,0.0411281585693
29,parboil_sgemm,6.98308113787e-06,0.0249132260966,1.0,0.0,0.0,0.0385703009539,0.572213308029,0.419095327864,5.72134749176e-05,1.0,0.99934976002,0.0,0.0363482569236,1.0,0.243253951853,1.0,0.000665122105333,0.0,0.00860700750323,1.93594406061e-05,0.090228149297,0.112445404146,0.0,2.22594201866e-06,0.0473280794171,0.25,0.25,0.0363482569236,1.0,0.0,0.156165291047,9.81229693307e-05,2.00684696556e-05,1.93772777956e-05,1.0,0.0,1.0,0.0,0.0,0.0,0.0,0.0,0.249585353051,2.05293749661e-06,0.248757213634,1.67979222485e-05,0.111111111111,0.3,0.0,2.76747810825e-06,0.0,0.0,7.94599267697e-07,7.32903786516e-06,0.0,0.0904028295216,0.249179806902,1.0,1.66762193328e-05,2.76747810825e-06,0.2,2.27229223174e-06,0.193625236224,0.0,1.11981170287e-06,0.121951217329,0.0,1.0,0.125,0.1,4.6187961522e-06,0.156474098408,0.204100183356,5.9517432656e-07,0.0,0.0,0.133532404083,0.00330388107498,0.0789839649742,0.0,0.406285735507,1.0,5.95174255714e-07,1.12060178898e-06,5.95174255714e-07,1.0,0.0,0.25,0.0,0.0,1.0,0.0,0.0791001249374,1.0,0.0120067470272,4.67254784689e-05,1.59709022003e-05,0.00049870669071,7.74797328912e-05,0.125,0.518100472074,0.00416571156525,0.0,0.1,0.032752119865,0.0326779212709,0.0,1.0,0.82375097659,1.0,0.172893124386,0.0,0.000231266021729
30,parboil_stencil,0.00100562869984,0.00661985209273,0.984375,0.0,0.0,0.144935933075,0.55038192835,0.203018902851,0.00195288661052,1.0,0.636949193178,0.0,0.185977897264,1.0,0.672528947764,0.497312985653,0.00180830072387,0.0,0.0636232370437,0.000196051992706,0.635399873477,0.0901517186273,5.90118486456e-05,0.00623739307384,0.0880465322707,0.10028909375,0.5,0.18306865723,1.0,0.0,0.175326632853,0.000155462513148,0.000264820111149,0.000196129591336,1.0,0.0,0.36283736,0.0,0.0,0.0,0.0,0.0,0.64392507815,1.02518566237e-05,0.146461467039,0.000149745669487,0.666666666667,0.2,0.0,0.000495626119668,0.0,0.326000935201,1.8479088829e-05,5.35493296088e-05,0.000277231447399,0.435759505925,0.641330642612,0.988337207862,0.000180834468517,0.000495626119668,0.4,1.73341310096e-05,0.202422089665,0.0,5.80541091281e-06,0.0243902485808,0.0,1.0,0.125,0.1,2.39451056971e-05,0.17560112783,0.0526356655246,1.4060993465e-05,0.0,0.0,0.149916710864,3.80476262762e-05,0.130324817679,0.0,0.520492967478,1.0,1.40609917912e-05,5.81303006187e-06,1.40609917912e-05,1.0,0.0,0.11477575,0.0,0.0,1.0,0.0,0.0888056396566,1.0,0.0247394614334,7.76172254645e-05,0.000102373683532,0.298304091274,7.39223701551e-05,0.25,0.505826288497,0.00175444783383,0.0,0.2,0.16721696848,0.167198418832,0.0,0.9311659,0.939615458087,0.0,0.172893124386,0.0,5.54462894797e-05
31,cudasdk_reduction,0.00386236040911,0.351387525077,0.125,0.0,0.0,0.00842602131185,0.572213308029,0.20375846324,0.000106798486513,1.0,0.998708191008,0.0,7.74695801643e-05,1.0,0.138367028192,0.503875970164,9.69969736944e-06,0.0,0.000340180868057,0.000482665138558,0.997202212109,0.261995955582,0.00187830784674,0.00163920393838,0.0528882271365,0.25,0.125,7.21171397469e-06,1.0,0.0,0.344515229712,0.000191453020937,0.001172036535,0.000482781763892,1.0,0.0,0.00437614,0.0,0.0,0.0,0.0,0.0,0.146726626099,0.000217002115771,7.63065675743e-05,0.000394922808156,1.0,0.1,0.0,0.00132030489133,0.0,1.0,0.0,0.000391642563027,0.0,0.0670303204175,0.145881459385,0.999919143227,0.000402314858595,0.00132030489133,0.2,9.70103541988e-05,0.42715537037,0.0,0.000118367709289,0.70731706818,0.0,1.0,0.03125,0.2,0.00048822165263,0.344530478296,0.0,1.4879358164e-08,0.0,0.0,0.294584965446,0.032315683187,0.0558061533668,0.0,0.949406514003,1.0,1.48793563928e-08,0.000118371141315,1.48793563928e-08,1.0,6.23861403438e-05,0.051470625,0.0,0.0,1.0,0.0,0.174502269553,1.0,0.00483603137641,0.0,0.000391551350001,0.00772441256884,0.0,0.25,0.518092565861,0.111596988345,0.0,0.2,0.000519186298489,6.96469392416e-05,0.0,1.0,0.793412925428,0.95250619,0.172893124386,0.0,0.0
32,poly_correlation,0.048604012427,0.00137930296867,0.82051282,0.0,0.000107747418166,0.0515201053683,0.567364040573,0.113711041165,0.0,1.0,0.999741378073,0.0,0.661407572521,1.0,0.463462453162,0.0,0.0,0.0,0.0,0.114860635472,0.894317694835,0.0867114268122,1.0,0.988782972272,0.0,0.30729165625,0.375,0.542692863026,1.0,0.0,0.559354021684,0.365189680242,0.101404621242,0.114860663498,1.0,0.0,0.73069699,0.0,0.2,0.0,0.0,0.0,0.443833532237,0.132066131395,0.0,0.30431545071,0.888888888889,0.0,0.0,0.0171294815032,0.0,0.439210364493,0.000162733930024,0.301474916238,0.0009765625,0.262879925592,0.439725629761,1.0,0.114323365946,0.0171294815032,0.2,0.00727679314794,0.55948627296,0.0196761764092,0.0740260845904,0.0,0.0,1.0,0.9850818125,0.3,0.251190159473,0.559388329974,0.138502914387,0.999024390011,4.24430202453e-05,0.0,0.478287375823,0.0454296450961,0.150279381724,1.9266406594e-06,0.988671428053,1.0,0.999024390128,0.0740261701987,0.999024390128,1.0,0.0,0.0,0.0,0.0,1.0,0.0,0.228562324596,1.0,0.00672029024393,0.0999414119715,0.299892599062,0.428500309837,0.166571730816,0.75,0.513711238857,0.00262285542997,0.0,0.4,0.594620661679,0.594620661679,0.0,0.82051282,0.994072436496,1.0,0.0,1.86549936153e-07,0.499755859375
33,cudasdk_sortingNetworks,0.0262208486108,0.00376727754402,1.0,0.0,0.0,0.0331464702506,0.572213308029,0.555719151517,0.616121422251,1.0,1.0,0.0,0.319988444863,1.0,0.434660274264,0.275115156066,0.116963757427,0.0,1.0,0.0024611603605,0.995232944922,0.0842747628677,0.00023609417512,0.0265055057664,0.361830620006,0.25,0.25,0.319988444863,1.0,0.0,0.177377724983,3.01944023871e-05,0.00398215521615,0.00246127697226,1.0,0.0,0.0,0.0,0.0,0.0,0.0,0.0,0.420322448908,2.71252644713e-05,0.471944903981,0.00551800837156,1.0,1.0,0.0,0.0132715081034,0.0,0.517206502026,0.0,0.00145312686088,0.0,0.220507298032,0.419335263705,1.0,0.00224646362329,0.0132715081034,0.8,0.000610640195337,0.21992597504,0.0,1.47959636611e-05,0.0,0.0,1.0,0.125,0.1,6.10277065788e-05,0.177438723412,0.0,6.09458510398e-05,0.0,0.0,0.151670540164,0.485457429048,0.207568112605,0.0762337457534,0.582927773031,1.0,6.09458437851e-05,1.48265539206e-05,6.09458437851e-05,1.0,0.0,0.22381025,0.0,0.0,1.0,0.0,0.0898445494083,1.0,0.0157303307655,0.0,0.00324624068017,0.500221856751,0.0,0.25,0.518100472074,0.0100065240774,0.0,0.2,0.2876831728,0.287676991797,0.0,1.0,0.994135581741,1.0,0.305861941382,0.0,0.0
34,cudasdk_convolutionSeparable,0.00053633509441,0.000508858108152,1.0,0.0,0.0,0.0706532540711,0.572213308029,0.418052052122,0.0878798974735,1.0,0.999737734202,0.0,0.248124130962,1.0,0.265448793911,0.251937985082,0.205921803811,0.0,0.195837630158,0.0018433997631,0.968349896945,0.01722261915,0.00132106258367,0.119539663049,0.104932708997,0.24895834375,0.25,0.248124130962,1.0,0.0,0.171213007038,9.80299029671e-06,0.00127025385532,0.00184363331266,1.0,0.0,0.19327731,0.0,0.0,0.0,0.0,0.0,0.314917694223,0.000151943864265,1.0,0.00444685656886,0.888888888889,1.0,0.0,0.000182500081403,0.0,0.499188582928,0.0,0.00148043157234,0.0,0.229423564328,0.314161657922,1.0,0.00133772675566,0.000182500081403,0.6,0.000253167350402,0.212282503431,0.0,8.28805151955e-05,0.0,0.0,1.0,0.125,0.1,0.000341850512633,0.171232066744,0.253342299474,0.000274256329679,0.0,0.0,0.146399268922,0.271956416736,0.661118555053,0.106340288982,0.175843826493,1.0,0.000274256297033,8.28881272188e-05,0.000274256297033,1.0,0.0,0.25,0.0,0.0,1.0,0.0,0.0867220248293,1.0,0.292795765024,0.00373498681769,0.0043090033453,0.391032369192,0.00622507933925,0.25,0.518100472074,0.000586285331405,0.0,0.2,0.223069316199,0.223069316199,0.0,1.0,0.997802913005,0.5,0.345786248772,0.0,0.0186767578125
35,poly_2dconv,0.00762788290985,0.000114313170306,0.99951172,0.0,0.0,0.0171469786419,0.572532797607,0.283169973129,0.0,1.0,0.980183990291,0.0,0.161741140024,1.0,0.278569692831,0.0,0.0,0.0,0.0,0.00423488159643,0.826273901598,0.0306937520865,0.00188666626929,0.212173251947,0.0,0.29150390625,0.125,0.161658607554,1.0,0.0,0.940361953486,1.27134652324e-06,0.00642647781775,0.00423501435633,1.0,0.0,0.90460892,0.0,0.0,0.0,0.0,0.0,0.283377250741,0.00227613877999,0.0,0.00546364055849,0.555555555556,0.0,0.0,0.00518998190153,0.0,0.261532135268,0.000650300195879,0.00429370954318,0.0,0.127721132198,0.281950347921,0.999648175488,0.00367576124584,0.00518998190153,0.2,0.00189620874023,1.0,0.0,0.00124086763755,0.0,0.0,1.0,0.125,0.4,0.00439184936836,0.940365764608,0.0860601865229,0.000487328738588,0.0,0.0,0.804076190785,0.425068693083,0.232928519988,0.424669206502,0.287554256954,1.0,0.000487328680578,0.00124086921609,0.000487328680578,1.0,0.0,0.0,0.0,0.0,1.0,0.0,0.408720672539,1.0,0.0043663873081,0.00351184965658,0.00390167416513,0.25462396405,0.00552800146167,0.875,0.518364589333,0.000158693773914,0.0,0.5,0.145409015103,0.145409015103,0.0,0.85768156,0.999508481358,0.0,0.0,0.0,0.0156097449362
36,cudasdk_batchCUBLAS,3.8408992216e-05,0.0202738528764,1.0,0.0030323238949,0.0,0.525081232496,0.574059874707,0.94703978726,0.00978350421091,1.0,0.986748036539,0.0,0.088611338093,1.0,0.571982621085,0.906976746295,0.00387987894778,0.0048139941691,0.168729033702,0.00014564768338,0.309618798849,0.973260373588,0.000107667206017,0.00413499083721,0.116742325054,0.22964284375,0.5,0.088611338093,1.0,0.000149253731343,0.245955952756,0.000370093905822,4.20991896776e-05,0.000145699364879,1.0,0.0,0.89806548,0.0,0.0,0.0,0.00371734206454,1.0,0.556602872985,1.06454742768e-05,0.22108255265,0.00012193851454,0.555555555556,0.3,0.0,1.74217450142e-05,0.0,0.392248177461,6.35679414158e-06,4.92933147343e-05,0.0,0.375375707614,0.552280043856,1.0,0.00014569982218,1.74217450142e-05,0.2,1.47343986505e-05,0.304699057478,0.0,1.15679258128e-05,0.0731707329549,0.0,1.0,0.24615384375,0.2,4.81248760375e-05,0.248167169345,0.673723046934,9.52278922496e-06,0.0,0.0,0.421499753024,0.0108270963894,0.0753536362021,1.07035592189e-07,0.124623920387,1.0,9.52278809142e-06,1.15049353409e-05,9.52278809142e-06,1.0,0.0,0.248227,0.0,0.0,1.0,1.0,0.126735542137,1.0,1.0,0.000495921819311,0.0001073279108,0.135499305517,0.000823271828464,0.25,0.527421980338,0.0160765609296,0.0,0.2,0.0796883672326,0.0796636365809,0.0,1.0,0.90243114222,1.0,0.581601059489,0.0,0.00246047973633
37,rodinia_pathfinder,0.00325493237472,0.00282072078215,0.79798052,0.0,0.0,0.0397095332328,0.449225567653,0.222652340682,0.0174524937447,1.0,0.907136921585,0.0,0.0210386609458,1.0,0.603052090004,0.463480944101,0.00634031111086,0.0,0.248365559102,0.000451053744282,0.963960369773,0.112673585945,0.000233486160161,0.00266333962533,0.142616139061,0.23920628125,0.5,0.0167814077976,1.0,0.0,0.265551909905,2.44069419504e-05,0.000812428181334,0.000451345998853,1.0,0.5,0.2717551,0.0,0.0,0.0,0.0,0.0,0.628518238143,3.04254856667e-05,0.2243123248,0.000502029946511,0.666666666667,0.4,0.0,0.00185142305135,0.0,0.56341284719,0.0,0.000167871445644,0.0,0.292890754517,0.626671898716,0.961145899756,0.000382529151864,0.00185142305135,0.6,0.00019294040588,0.261957993613,0.0,2.01298570857e-05,0.0,0.0,1.0,0.1324115,0.2,6.86722332547e-05,0.26563196804,0.0,3.64218789058e-06,0.0,0.0,0.227065724406,0.00331058881304,0.248391852567,0.0,0.417350939979,1.0,3.64218745704e-06,2.01344270361e-05,3.64218745704e-06,1.0,0.0,0.12494525,0.0,0.0,1.0,0.0,0.111250362454,1.0,0.0141585666952,0.0,0.000356136995989,0.0556283069994,0.0,0.25,0.406591645166,0.00286089609084,0.0,0.2,0.0189204224062,0.018914241403,0.0,0.79627355,0.976683523466,0.52022544,0.172733716926,0.0,0.0
38,parboil_mriq,0.0686658480356,0.490881714002,1.0,0.0,0.0,0.224087316911,0.572213308029,0.208330096443,0.0,1.0,0.948387098373,0.0234060105629,0.0384803211198,1.0,1.0,0.0,0.0,0.0,0.0,0.0109559700507,0.91260126931,0.163167604817,4.98752498462e-06,0.000480196400935,0.0,0.25,1.0,0.0384803211198,1.0,0.0,0.0426650504669,0.00217672917769,0.00673301616607,0.010956118315,1.0,0.5,1.0,0.0,0.6,0.0,0.0,0.0,1.0,2.11916128682e-06,0.0,0.0031300317094,0.111111111111,0.0,0.0,0.044140864913,0.0,0.000956094526756,0.00781122864117,0.000786741369145,0.0,0.798885957896,1.0,1.0,0.00967613447306,0.044140864913,0.4,0.00133021756239,0.0528992737106,0.0,1.15593466102e-06,0.878048782671,0.0,1.0,0.125,0.1,4.76778957647e-06,0.0448305172099,0.607240917643,1.90455784499e-06,0.0,0.0,0.0364816453196,0.0716338274181,0.974305247312,5.28755825412e-05,0.311159144682,1.0,1.90455761828e-06,1.22231048363e-06,1.90455761828e-06,1.0,0.0,0.0,0.0,0.0,1.0,0.0,0.0216105051243,1.0,0.022716282291,0.0226210339811,0.00312972927771,0.000786848333198,0.0298904726373,0.0,0.518100472074,0.440816038651,0.0,0.2,0.0351388103262,0.0345946961549,0.0,1.0,0.954038320612,1.0,0.0,0.0,0.0779599653324
39,cudasdk_binomialOptions,0.251839336252,1.51131009252e-05,0.125,0.0,0.0,0.254313432916,0.0,0.103256247786,1.0,1.0,0.838558673387,0.000365718915046,2.8170755752e-05,1.0,0.907059410454,0.503846181017,0.18162267623,0.0,0.288443291245,0.0369179983078,0.984949901026,0.195722781634,0.0,2.52947956666e-05,0.463379362617,0.0,0.75,0.0,1.0,0.0,0.0,0.00183365553942,0.00969512228724,0.0369180561402,1.0,0.5,0.0,0.0,0.2,0.0,0.0,0.0,0.849155791457,0.0,0.130237105379,0.0250082341949,0.111111111111,0.3,0.0,0.111799536005,0.0,0.0,0.0842142525681,0.00625388966656,0.0,0.875442851908,0.848487808095,0.857171851797,0.0348150356723,0.111799536005,0.6,0.00607826563396,0.0,0.00984289195861,0.0,0.0,0.0,1.0,0.03125,0.0,0.0,2.73275909145e-05,0.663800031261,2.38069730624e-07,0.0,0.0,0.0,1.45287936475e-05,0.435068310489,0.0,0.0,1.0,2.38069702286e-07,1.07352906348e-07,2.38069702286e-07,1.0,0.0,0.125,0.0,0.0,1.0,0.0,0.0,1.0,0.00900132508201,0.101259046625,0.0125128625313,0.0,0.126331618343,0.0,0.0,8.81632077302e-06,0.0,0.1,2.53261591207e-05,2.53261591207e-05,0.0,0.0,0.993608368738,1.0,0.172893124386,0.0,0.252683758736
40,cudasdk_scalarProd,0.00193676680586,0.00573050423059,0.125,0.0,0.0,0.0128669520814,0.572213308029,0.268037606087,0.00207494202368,1.0,0.920912012772,0.0,0.000626799357945,1.0,0.215731284202,0.457195973156,0.000404615947411,0.0,0.053118519005,0.000109551041021,0.935001938657,0.0589143869474,0.000225045871668,0.00123135065305,0.174972291887,0.25,0.125,7.74695801643e-05,1.0,0.0,0.351126004554,2.13975080923e-05,0.000147851105443,0.000109758837451,1.0,0.0,0.04745483,0.0,0.0,0.0,0.0,0.0,0.23089208418,2.71252644713e-05,0.0257509175031,9.26421160758e-05,1.0,0.1,0.0,0.000883370100773,0.0,0.976902377181,0.0,5.9777680393e-05,3.04877758026e-05,0.102167291916,0.224355998137,0.982681548566,9.06286903786e-05,0.000883370100773,0.2,4.55726842904e-05,0.435351896191,0.0,1.47959636611e-05,0.0124878048693,0.0,1.0,0.03125,0.2,6.10277065788e-05,0.351198440444,0.0210743647307,5.9517432656e-08,0.0,0.0,0.300237646984,0.000624348465712,0.323120086396,0.0582134832022,0.328683400002,1.0,5.95174255714e-08,1.47976555567e-05,5.95174255714e-08,1.0,0.0,0.125,0.0,0.0,1.0,0.0,0.17785072882,1.0,0.00357159030417,3.05086383013e-05,7.32219026013e-05,0.046266734183,4.57676755508e-05,0.25,0.51784761832,0.00837991289475,0.0,0.2,0.00058250169961,0.00056350707861,0.0,1.0,0.946804879367,0.96875,0.172893124386,0.0,0.0001220703125
41,cudasdk_dwtHaar1D,1.25712737458e-05,0.710808500329,1.0,0.0,0.0,0.0170456610586,0.286106654014,0.258361517054,2.36005584035e-05,1.0,1.0,0.0,0.0291405048915,1.0,0.098696958609,0.175749298083,4.41682648073e-06,0.0,0.0186296975164,7.08919224613e-07,0.231102177418,0.208325421409,0.0,4.04716730666e-07,0.214293204986,0.140625,0.0,0.0291405048915,1.0,0.0,0.0106138412603,3.24859775359e-06,1.19553727042e-06,7.23402515637e-07,1.0,0.0,1.0,0.0,0.0,0.0,0.0,0.0,0.100920691038,2.65412534214e-08,0.00866763586909,6.2846076412e-07,0.111111111111,0.1,0.0,4.81214440289e-06,0.0,0.0,1.58881054747e-07,2.28293412503e-07,4.76720742881e-07,0.0424176447575,0.102556920224,1.0,6.23848913094e-07,4.81214440289e-06,0.2,2.54719629419e-07,0.0131172795448,0.0,1.45056253849e-08,1.0,0.0,1.0,0.125,0.1,5.98301719313e-08,0.0128822451548,0.00155167833102,6.11448624552e-08,0.0,0.0,0.00907558735076,0.0261919358293,0.15250659469,0.0,0.122300440299,1.0,6.11448551768e-08,1.61988875509e-08,6.11448551768e-08,1.0,0.0,0.173245625,0.0,0.0,1.0,0.0,0.00537607405673,1.0,0.00844324963111,1.90669677067e-07,2.62325616868e-07,0.000731436485131,1.58893983468e-07,0.0,0.518100472074,0.734694867138,0.0,0.1,0.0268162987277,0.0261979859623,0.0,0.625,0.151671818344,1.0,0.211031272908,0.0,0.0
42,rodinia_hotspot,0.00258251108239,0.00134944878161,0.60952381,0.000615172096498,0.0,0.0220270623354,0.458850298493,0.695852104966,0.00828260405224,1.0,0.89618266128,0.000893599480975,0.0286246843379,1.0,0.240516710158,0.393450392388,0.00388412256538,0.000421847667638,0.0467262329717,0.000516998172834,0.733578556415,0.0490340095161,5.89704658625e-05,0.00389651150367,0.221697972552,0.30455653125,0.125,0.0174485354183,1.0,0.0,0.0509838017876,6.7397361916e-06,0.00082316068393,0.000517300336576,1.0,0.0,0.62056508,0.0,0.2,0.0,0.000540818214438,0.9,0.230719009836,1.49169087455e-05,0.0544766765656,0.000304177243699,0.111111111111,0.1,0.00160690488089,0.00142631068964,0.0,0.0564101984491,2.39528224563e-05,9.84862622995e-05,0.000436028465629,0.119923333424,0.227692792786,0.928662018801,0.000475545604138,0.00142631068964,0.2,0.000168893441294,0.0423061830233,0.00888214115738,9.74868333262e-06,0.0,0.0,1.0,0.15261628125,0.1,2.72285482844e-05,0.0510600488004,0.0331799125274,1.24986608578e-05,0.0,0.0,0.0435947679307,0.00748385954008,0.102082606596,0.0,0.0391173273115,1.0,1.249865937e-05,9.76211565516e-06,1.249865937e-05,1.0,0.0,0.12488025,0.0,0.0,1.0,0.278014775799,0.0174857586139,1.0,0.00790499941075,0.000299926614775,0.00017239695484,0.0322622584672,0.00032340959339,0.0,0.410991043514,0.00257877382611,0.0,0.1,0.0257342513882,0.0257342513882,0.0,0.66929134,0.991065394451,0.76142113,0.171618729166,0.0,0.000716358423233
43,rodinia_heartwall,1.0,6.6730153316e-06,0.55238534,2.83235509821e-06,0.0438020612586,0.000384315956839,0.720989740879,0.846220159297,0.00116071837239,0.998434172496,0.774765663749,1.0,0.000570457846441,1.0,0.0850256494517,0.358460645407,0.748474787542,0.0,0.0,1.0,0.111123808746,0.00493500154613,0.0011842313111,0.258339390594,0.0108535207888,0.1327888125,0.0,0.000302835648335,1.0,6.04156949627e-06,0.0118871983042,0.498731963782,1.0,1.0,1.0,0.0,0.98913219,0.554704608331,0.2,0.395812083065,1.74301218295e-06,0.0,0.0743525395436,0.0333736864929,0.00175313736502,0.196557042337,0.111111111111,0.0,8.63175183242e-06,1.0,0.0,0.000182113241487,0.0353941372684,0.119278721681,0.106902185595,0.0290007078763,0.0735587097132,0.77943753518,1.0,1.0,0.2,1.0,0.00646646322453,0.203358753839,0.013609449505,0.0,0.0,1.0,0.2187286875,0.1,0.153746003009,0.0118948205493,0.000595999584043,0.00147697205433,0.0344842078806,6.81105799244e-06,0.0101546181296,0.0,0.00623851386932,0.0,0.188775976345,1.0,0.00152536256788,0.0136190916646,0.00152536256788,1.0,0.0,0.119986625,0.0,1.05448780822e-05,1.0,1.4388002896e-07,0.0164951231832,1.0,3.45584735198e-05,0.0441675815204,0.152518556634,0.000354635869466,0.0362561472128,0.0,0.646996688654,4.40816038651e-06,0.477725503221,0.1,0.000531849381369,0.000531849381369,0.0,0.43301752,0.944053097687,0.71656718,0.164248468167,0.00165480157253,0.00222635327373
44,cudasdk_segmentationTreeThrust,0.0206787746186,0.518363353474,1.0,0.0,1.0,0.175434913155,0.891543628026,0.419603790426,0.0608436699011,1.0,0.984778581117,4.46434222468e-08,0.803072925494,1.0,0.528038254803,0.894450676886,0.0645615321088,0.0,0.362627699052,0.00239196892944,0.980417525458,1.0,0.000582291742703,0.080804224757,0.570909859648,0.78125,0.375,0.647067725683,1.0,0.0,0.540413802764,0.000370232430916,0.00281123610469,0.00239204681792,1.0,0.5,0.95819864,1.0,0.2,0.693933515289,0.0,0.0,0.544459897708,0.000448221082392,0.366563517499,0.00269197817513,0.888888888889,0.3,0.0,0.0128876702766,0.00322893858118,0.879543380328,0.0,0.00219610125452,0.0,0.336840700735,0.530740230004,1.0,0.00192839306579,0.0128876702766,0.6,0.000788090366223,0.405127794401,0.0,0.000405711392245,0.914634149148,0.0199188193866,1.0,0.7298135,0.2,0.0012075535241,0.540581549467,0.0,0.00127366422422,1.0,1.0,0.816682258699,0.366448295002,0.568081196349,0.492869574277,0.907582838568,1.0,0.00127775078084,0.000406071229673,0.0012771135259,1.0,0.0007675749449,0.485394875,0.0950506721592,1.0,1.0,0.0,0.323661291879,1.0,0.132355872849,7.80015447598e-05,0.00174275459062,1.0,0.0,0.5,0.736854003577,0.612602048913,0.776488496377,0.5,1.0,1.0,0.0341426493371,0.99992246,0.92704383633,1.0,0.63376810191,1.0,0.0
45,poly_fdtd2d,0.00190790152458,0.00058608605388,1.0,0.0,0.0,0.034316080025,0.572236597111,0.0505164807246,0.0,1.0,0.976539592985,0.0,0.262855999649,1.0,0.279720050453,0.0,0.0,0.0,0.0,0.000879235467541,0.88753137563,0.026996051455,0.00141549449611,0.0532359328559,0.0,0.28627521875,0.125,0.215654855827,1.0,0.0,0.490470797672,9.92707878148e-07,0.00189974377284,0.000879420085418,1.0,0.0,0.44809044,0.0,0.0,0.0,0.0,0.0,0.26028794314,0.000291596593067,0.0,0.000975989886595,1.0,0.0,0.0,0.00194671539237,0.0,0.789231484026,0.0,0.000683393350967,0.00146484375,0.165747311224,0.259424195318,1.0,0.00077950714461,0.00194671539237,0.2,0.000284570121699,0.559193202191,0.0,0.000160906104815,0.0,0.0,1.0,0.15228271875,0.3,0.000610277065788,0.49048605035,0.0244424764848,0.000148495994477,0.0,0.0,0.419387331891,0.293195035918,0.0389841763103,0.0121558538122,0.882896364351,1.0,0.000148495976801,0.000160909645792,0.000148495976801,1.0,0.0,0.0,0.0,0.0,1.0,0.0,0.228442598806,1.0,0.00957496381776,0.000390586856752,0.000585823058165,0.340739617406,0.00040686793067,0.5,0.518116284501,0.000996244247351,0.0,0.3,0.236319793551,0.236313605908,0.0,0.99996438,0.996504334283,1.0,0.0,0.0,0.00048828125
46,poly_mvt,0.000238370900484,0.000307981745932,1.0,0.0,0.0,0.000974162593919,0.667566670461,0.00604863431062,0.0,1.0,0.99990682839,0.0,0.347113801635,1.0,0.0649187329759,0.0,0.0,0.0,0.0,0.000432415724271,0.334450951983,0.0182913549416,0.00188943441763,0.00166389165895,0.0,0.56246184375,0.0,0.347113801635,1.0,0.0,0.806358393381,0.000687046918042,0.000375039560925,0.000432454292609,1.0,0.0,0.87866645,0.0,0.0,0.0,0.0,0.0,0.0569471619899,0.0009765625,0.0,0.00117147394759,0.555555555556,0.0,0.0,8.23757929215e-05,0.0,0.561267583453,0.0,0.00117167460106,0.0,0.0228146582861,0.0558948427547,1.0,0.000429956914834,8.23757929215e-05,0.2,1.94992365519e-05,0.246084903782,0.0,0.0009765625,0.0,0.0,1.0,0.125,0.2,0.0009765625,0.806369830843,0.0208962641597,0.000487566808318,0.0,0.0,0.689493639076,4.12762470868e-05,0.0143161700151,2.85428245836e-07,0.99178175699,1.0,0.000487566750281,0.000976576746012,0.000487566750281,1.0,0.0,0.0,0.0,0.0,1.0,0.0,0.19494641342,1.0,0.000849037046891,0.000390586856752,0.00117174148842,0.00437753653188,0.000650988689072,0.75,0.569905462621,0.000489305802902,0.0,0.3,0.312063313124,0.312063313124,0.0,0.82503417,0.983534407804,1.0,0.0,0.0,0.001953125
47,rodinia_lud,9.62100266673e-06,0.136589927572,1.0,0.0,0.0,0.0400814035602,0.572213308029,0.756559614653,0.0010975451605,1.0,1.0,0.0,0.124959595017,1.0,0.317296221253,0.658914731377,0.000343646421089,0.0,0.175644602034,7.45844006592e-06,0.634443809563,0.526247489231,4.49812859363e-09,4.08763897973e-05,0.0780758438723,0.25,0.125,0.124959595017,1.0,0.0,0.207808646279,7.39257148009e-05,8.84796528818e-06,7.5364973568e-06,1.0,0.0,1.0,0.0,0.2,0.0,0.0,0.0,0.382722419748,8.21174998644e-07,0.427571316521,1.52647460479e-05,0.111111111111,0.3,0.0,6.45084789811e-06,0.0,0.000261787782399,7.94599267697e-08,5.29506645834e-06,2.4635810405e-06,0.173602239873,0.377682716217,1.0,5.5205750225e-06,6.45084789811e-06,0.6,1.43569554067e-06,0.257656473827,9.60750801231e-06,4.47924681147e-07,0.414634149148,0.0,1.0,0.125,0.1,1.84751846088e-06,0.209894050793,0.085730773542,6.14935974122e-07,0.0,0.0,0.177691137006,0.0438210126102,0.206228851403,3.4037318316e-05,0.134654598685,1.0,6.14935900923e-07,4.50972514048e-07,6.14935900923e-07,1.0,0.0,0.394635,0.0,0.0,1.0,0.0,0.105258279696,1.0,0.0205152666806,8.37561372039e-06,1.28084922813e-05,0.0300869083716,1.35490199569e-05,0.125,0.518100472074,0.0789148872393,0.0,0.2,0.112595065289,0.112341557852,0.0,1.0,0.688025955437,1.0,1.0,0.0,3.94184608012e-05
48,cudasdk_FDTD3d,0.05415260575,5.81854385621e-05,1.0,0.0,0.0,0.0725264990945,0.487031678026,0.203066988156,0.722812156719,0.905708081686,0.738007770694,0.0,0.162133161872,1.0,0.4351205251,0.457884791763,0.587934685009,0.0,0.186859331869,0.0231920183178,0.747201191764,0.0605225704836,0.0107672001022,0.673467965052,0.161009319832,0.08713475,0.25,0.162133161872,1.0,0.0,0.188475746646,0.00102375472009,0.0136265329842,0.0231922434883,1.0,0.0,0.13948417,0.0,0.0,0.0,0.0,0.0,0.478467741596,0.0012550467826,0.377856937188,0.0370067475338,0.777777777778,0.5,0.0,0.0353699693207,0.0,0.471978299545,0.00210715806804,0.0111767447575,0.126450061798,0.27329787784,0.475799005035,0.997881682603,0.0186401446495,0.0353699693207,0.6,0.00290826525878,0.203405294332,0.0,0.000786497943361,0.0,0.0,1.0,0.122347375,0.1,0.00324400402783,0.188487184108,0.145467595769,0.00154481960266,0.0,0.0,0.161160136113,1.64492663711e-05,0.119531574287,1.5698553521e-06,0.517327986547,1.0,0.00154481941877,0.000786542911457,0.00154481941877,1.0,0.0,0.125,0.0,0.0,1.0,0.0,0.0954658682957,1.0,0.0183348265307,0.0316094285913,0.0259828721848,0.255576362434,0.0305562782582,0.125,0.468271941571,4.40816038651e-05,0.0,0.2,0.145761451786,0.145761451786,0.0,0.87042549,0.993135831653,0.0,0.12102518707,0.0,0.0252900123596
49,cudasdk_scan,0.00464824097059,0.0408325179525,1.0,0.0,0.0,0.0108049906771,0.0,0.107334557391,0.0574952512816,1.0,0.979131303872,0.0,0.321714729338,1.0,0.239830768893,0.449639320038,0.0164115415313,0.0,0.230022473285,0.000800810706609,0.949292900435,0.0604899449759,0.000767218805444,0.0861120846797,0.458896803872,1.0,0.0,0.321714729338,1.0,0.0,0.179615627617,2.68797556524e-06,0.00149639742642,0.000800985872768,1.0,0.0,0.01008536,0.0,0.0,0.0,0.0,0.0,0.252160887728,4.4422918475e-05,0.163229028027,0.00144371138559,1.0,0.2,0.0,0.0020779255396,0.0,0.520129830551,0.0,0.000539509100113,0.0,0.105680063924,0.251277171104,1.0,0.000672950487701,0.0020779255396,0.4,0.00034115286578,0.221188069469,0.0,4.84625606635e-05,0.14634146591,0.0,1.0,0.5,0.1,0.000199889577993,0.179627065078,0.0,0.000198074015879,0.0,0.0,0.153584105699,0.252562703852,0.0519947465488,1.53417682137e-06,0.584325189666,1.0,0.000198073992302,4.84645316571e-05,0.000198073992302,1.0,0.0,0.1875,0.0,0.0,1.0,0.0,0.0909780815569,1.0,0.00273506773453,0.0,0.000898297911786,0.505546593084,0.0,0.25,0.0575667237247,0.165892299825,0.0,0.2,0.289235142356,0.289228961352,0.0,1.0,0.995603926827,0.99999999,0.259339686579,0.0,0.0
50,cudasdk_SobolQRNG,0.00455821155497,0.00169158613564,1.0,0.0,0.0,0.095303270907,0.572213308029,0.793340892127,1.19194739412e-05,1.0,0.999764655491,0.00174388368152,0.634378506093,1.0,0.544861527677,0.503875970164,0.00679195326963,0.0,6.44787263967e-05,0.00100303441287,0.498421525213,0.158028157244,5.03790402487e-08,0.126124100719,0.000394413204238,0.25,0.5,0.634378506093,1.0,0.0,0.000113214308141,0.00102013143328,0.00244445109555,0.00100312008612,1.0,0.0,1.0,0.0,0.6,0.0,0.0,0.0,0.531696036821,4.13898688833e-08,0.09078661754,0.000467026022269,1.0,0.1,0.0,0.00155849613774,0.0,4.55283073879e-05,0.00038798792368,0.000291418403159,0.0,0.293478553216,0.533518041521,1.0,0.000907500299069,0.00155849613774,0.2,0.000227241537374,0.000140371442405,0.0,2.25768488481e-08,0.0,0.0,1.0,0.125,0.1,9.31208901654e-08,0.000128830073793,0.0231372196357,0.000290612464141,0.0,0.0,9.68062662416e-05,0.000167637785707,0.187364596634,0.0,0.00022002698422,1.0,0.000290612429548,2.42701102679e-08,0.000290612429548,1.0,0.0,0.125,0.0,0.0,1.0,0.0,5.73447906296e-05,1.0,0.0131049402926,0.000232807908507,0.000466613209927,0.995486958515,0.000194009747825,0.375,0.518100472074,0.00037910179324,0.0,0.3,0.570320907592,0.570320907592,0.0,1.0,0.965274765891,0.0001056,0.172893124386,0.0,0.0
51,shoc_lev1reduction,8.93888035206e-05,0.041970732085,0.25,2.21566269451e-05,0.0,0.0136549382188,0.572213308029,0.182199116935,0.000793360185524,1.0,0.950022721548,0.0,0.00109865954818,1.0,0.227825870465,0.501699084888,0.000156580828964,0.0,0.120422098798,1.24672211854e-05,0.885618227455,0.0964077133855,1.84342306024e-05,0.00078090093182,0.0968735434632,0.25,0.0,0.000225366060786,1.0,0.0,0.306497546431,4.58351840614e-06,1.9696088052e-05,1.26766952951e-05,1.0,0.0,0.40411139,0.0,0.0,0.0,1.36350384607e-05,0.4,0.245346271426,3.39065805892e-06,0.0590850346503,1.77272102031e-05,0.777777777778,0.1,0.000101282691987,3.61158368509e-05,0.0,0.531000598217,0.0,9.00939655556e-06,3.33786010742e-05,0.105916308834,0.240032314431,0.996087618105,1.04037325705e-05,3.61158368509e-05,0.2,2.96414901085e-06,0.380018244978,0.0,1.84949545764e-06,0.134146335226,0.0,1.0,0.03125,0.2,7.62846332235e-06,0.307286723072,0.016885847043,1.4879358164e-08,0.0,0.0,0.524157556401,0.000951858647418,0.167503610378,0.0,0.760840722823,1.0,1.48793563928e-08,1.85282537155e-06,1.48793563928e-08,1.0,0.0,0.1834415,0.0,0.0,1.0,0.178099617928,0.155245727481,1.0,0.00420802489896,6.6750683527e-06,1.43052776961e-05,0.20493727868,5.56264748962e-06,0.125,0.517595013254,0.123825225257,0.0,0.2,0.0010826933771,0.000987720272097,0.0,1.0,0.681130815019,0.96875,0.290014211815,0.0,0.0
52,poly_3mm,0.00190697038647,9.61076964222e-05,1.0,0.0,0.0,0.00422932967002,0.667458178818,0.0228586179261,0.0,1.0,0.999280908409,0.0,0.998012367627,1.0,0.20264044216,0.0,0.0,0.0,0.0,0.00358563964951,0.988754770116,0.0198495270088,0.000706533652962,0.00491336228947,0.0,0.18756096875,0.0,0.998012367627,1.0,0.0,0.692610339776,8.86922444883e-05,0.00313275054848,0.00358575625356,1.0,0.0,0.96299822,0.0,0.0,0.0,0.0,0.0,0.179275512782,0.00260741604731,0.0,0.00940000902228,0.111111111111,0.0,0.0,0.000730015177909,0.0,0.0752284171909,0.0,0.00938445749395,0.0,0.0785015034027,0.179195614598,1.0,0.00356577402973,0.000730015177909,0.2,0.000349784136426,0.708701837138,0.0,0.00118552658835,0.0,0.0,1.0,0.125,0.6,0.00781917490541,0.692614154992,0.0615971009142,0.00390053446655,0.0,0.0,0.592230982593,7.33954575643e-05,0.0156528057227,0.00500016768909,0.957500482513,1.0,0.00390053400225,0.00118553742851,0.00390053400225,1.0,0.0,0.0,0.0,0.0,1.0,0.0,0.560980978908,1.0,0.00137793333401,0.00312469485402,0.00937927160358,0.00465459580707,0.00520790951257,1.0,0.569870076359,0.000145469292755,0.0,0.9,0.897236135565,0.897236135565,0.0,0.82527301,0.992377565159,1.0,0.0,0.0,0.015625
53,cudasdk_convolutionTexture,0.00214534174161,0.000311190373513,1.0,0.0,0.0,0.012713312056,0.0,0.226576570722,0.0,1.0,0.98924730872,0.00164573511771,0.104746251388,1.0,0.317708360877,0.0,0.0,0.0,0.0,0.00215812696839,0.842773911801,0.0153010769136,0.000530661323079,0.0598092408162,0.0,0.0,0.25,0.104746251388,1.0,0.0,0.242238818776,2.60585818014e-06,0.0017262094859,0.002158306394,1.0,0.0,0.75907294,0.0,0.2,0.0,0.0,0.0,0.31986816595,0.0,0.0,0.00241557606764,0.333333333333,0.0,0.0,0.00146003530658,0.0,0.169297287979,0.0,0.0039539195646,0.0104370117188,0.132915658946,0.31915482742,1.0,0.00188854067639,0.00146003530658,0.2,0.000907067535009,0.0,0.0,0.000138882275879,0.0,0.0,1.0,0.125,1.0,0.00466861955328,0.240973088071,0.167103568377,0.000137128164839,0.0,0.0,0.0,0.159275796973,0.720091394415,0.746766347724,0.0618468810445,1.0,0.000137128148516,0.0001381554579,0.000137128148516,1.0,0.0,0.0,0.0,0.0,1.0,0.0,1.0,1.0,0.00187070683795,0.00395469192462,0.00197715287659,0.165185764284,0.00485190007324,0.25,0.984440406623,0.00036587731208,0.0,1.0,0.0941692957507,0.0941692957507,0.0,0.0,0.998259004198,0.5,0.0,0.0,0.00933837890625
54,cudasdk_MCEstimatePiP,0.00138832737073,0.0471767303353,0.61787962,0.0,0.0,0.148049931154,0.572213308029,0.4477127771,0.000138742676675,1.0,0.994732655647,3.48776736303e-05,0.77979215952,1.0,0.293053132732,0.276914597931,3.57026807192e-05,0.0,0.0271411662322,0.00123309897788,0.879602269249,0.136855454835,1.19128437674e-05,0.0822096036042,0.0964524233711,1.0,0.25,0.481818992602,1.0,0.0,0.25588736565,0.00195990054634,0.00114946433213,0.00123319730337,1.0,0.0,0.99767298,0.0,0.2,0.0,0.0,0.0,0.285921294814,0.000441011484606,0.0173627247004,0.00211315240818,0.888888888889,0.1,0.0,0.000707697125473,0.0,0.381733095874,3.8798792368e-06,0.00167213156189,0.0,0.186414305855,0.2816816394,1.0,0.00119169320785,0.000707697125473,0.2,0.000252882902552,0.317268013197,0.0,0.000316941818911,0.158536583806,0.0,1.0,0.3656839375,0.2,0.00113898255981,0.256287672701,0.0226562537434,0.00353456595796,0.0,0.0,0.218801853349,0.6455584448,0.130927627839,3.46081748077e-06,0.967650174853,1.0,0.00353456553723,0.000316957932055,0.00353456553723,1.0,0.0,0.125,0.0,0.0,1.0,0.0,0.129610891493,1.0,0.0526090426388,6.9842372552e-06,0.00080184812218,0.696208831099,7.76038991298e-06,0.5,0.517097305216,0.0736471355774,0.0,0.2,0.701137696285,0.701051135685,0.0,1.0,0.888309726121,0.99284744,0.172893124386,0.0,2.32830643654e-05
55,cudasdk_matrixMul,0.000931137651362,0.000885778845228,1.0,0.0,0.0,0.0360849849551,0.572213308029,0.505382111079,0.0152569266447,1.0,0.99785393555,0.0,0.0129436922444,1.0,0.299321176051,0.665116280617,0.0665122105333,0.0,0.0817752499487,0.000938637105245,0.989918984552,0.041037433191,5.12003985299e-05,0.0038338815896,0.174088531545,0.25,0.25,0.0129436922444,1.0,0.0,0.143584231008,2.94710151325e-05,0.000567268742266,0.000938812270458,1.0,0.0,0.88897908,0.0,0.0,0.0,0.0,0.0,0.407080525938,5.29790321706e-05,0.886296115793,0.00221599360848,0.111111111111,0.9,0.0,0.000380213866253,0.0,0.0465286849269,0.0,0.000629240514874,0.0,0.18552712372,0.406011138514,1.0,0.000611889064723,0.000380213866253,0.8,6.94750333496e-05,0.178026310844,0.0,2.88983665256e-05,0.0,0.0,1.0,0.125,0.1,0.000119194739412,0.143614728175,0.249030293544,5.9517432656e-06,0.0,0.0,0.122774705099,0.00218661127689,0.332870619744,0.0,0.0884844476864,1.0,5.95174255714e-06,2.89026534548e-05,5.95174255714e-06,1.0,0.0,0.15,0.0,0.0,1.0,0.0,0.0727276242732,1.0,0.0545492654824,0.00152572990919,0.00210244121139,0.0301518448891,0.00254292456669,0.125,0.518100472074,0.000824325992277,0.0,0.1,0.0116428588501,0.0116366778469,0.0,1.0,0.974724142233,0.0,0.172893124386,0.0,0.00762939453125
56,poly_bicg,0.000238370900484,0.000301808625477,1.0,0.0,0.0,0.00102549446549,0.667582188886,0.00571406000555,0.0,1.0,0.999906838713,0.0,0.346233467595,1.0,0.064597235551,0.0,0.0,0.0,0.0,0.000432435238607,0.334398914352,0.0186313113007,0.00189558875717,0.00166207043366,0.0,0.5625,0.0,0.346233467595,1.0,0.0,0.819099577878,0.000687077940163,0.000375039560925,0.000432509176677,1.0,0.0,0.8785012,0.0,0.0,0.0,0.0,0.0,0.0566615149361,0.000976509520968,0.0,0.00117147394759,0.555555555556,0.0,0.0,8.23757929215e-05,0.0,0.559578056678,0.0,0.00117167460106,0.0,0.0227483723708,0.0560881939044,1.0,0.000430011798902,8.23757929215e-05,0.2,1.94529197801e-05,0.24534277624,0.0,0.000976533601633,0.0,0.0,1.0,0.125,0.2,0.000976443305261,0.819099577878,0.0208813900702,0.000487685843183,0.0,0.0,0.700388255834,3.67951440652e-05,0.0141776184877,4.99499430214e-07,0.991876293183,1.0,0.000487685785132,0.00097653430154,0.000487685785132,1.0,0.0,0.0,0.0,0.0,1.0,0.0,0.194380611505,1.0,0.000854352507252,0.000390586856752,0.00117174148842,0.00435537178568,0.000650988689072,0.75,0.569905462621,0.000749387265706,0.0,0.3,0.311271872519,0.311271872519,0.0,0.825,0.980797521873,0.99975592,0.0,0.0,0.001953125
57,shoc_lev1sort,0.00053633509441,0.0838720136585,1.0,0.0,0.0,0.0413183467297,0.569986791715,0.358595578114,0.0192847552789,1.0,0.981550245733,5.56822059508e-07,0.311040650483,1.0,0.490843201156,0.503875970164,0.00425678147413,0.0,0.607675521695,0.000173597090608,0.946207375059,0.311279110217,6.08245944688e-05,0.00664018740003,0.417584145397,0.5,0.25,0.311040650483,1.0,0.0,0.19666487477,1.68760339285e-05,0.000301437333548,0.000173708839479,1.0,0.0,0.5,0.0,0.2,0.0,0.0,0.0,0.457781638201,3.92044838062e-06,0.333462760006,0.000393445478587,1.0,0.6,0.0,0.000230661131559,0.0,0.566625169162,0.0,0.000112119065983,2.9569491744e-08,0.257694173382,0.456443315516,1.0,0.000164342415726,0.000230661131559,0.8,8.15173940238e-05,0.240748180609,0.0,4.21916151274e-06,0.5,0.0,1.0,0.5,0.1,1.57337056023e-05,0.19687074498,4.63427786823e-05,1.52364627599e-05,0.0,0.0,0.168162421694,0.471440705794,0.187351485372,0.0744166738618,0.668170431029,1.0,1.52364609463e-05,4.22220899698e-06,1.52364609463e-05,1.0,0.0,0.125,0.0,0.0,1.0,0.0,0.0983508737601,1.0,0.00957651216507,5.91332087607e-09,0.000256345249257,0.472797322356,4.92784759474e-09,0.25,0.517090528462,0.151953696683,0.0,0.2,0.279657455578,0.279632718287,0.0,1.0,0.958034898224,1.0,0.189702139725,0.0,0.0
58,cudasdk_eigenvalues,0.0777956744421,9.04693472309e-05,1.0,4.94925476477e-06,0.0,0.0334459781326,0.572213308029,0.346879527298,0.00561001960515,1.0,0.968605812585,6.09644296221e-06,1.40853815684e-05,1.0,0.319180563986,0.50386550466,0.0839540201435,0.0,0.0018810001,0.0106613369703,0.202769218211,0.326018112594,7.19700574981e-09,4.95777995066e-06,1.0,0.25,0.25,1.40853815684e-05,1.0,0.0,0.00161623185756,0.0246518904139,0.00700186401211,0.0106613724193,1.0,0.0,1.0,0.0,0.2,0.0,0.0,0.1,0.338158007949,9.5580072092e-06,0.0684017620999,0.00296184846055,0.111111111111,0.1,0.0,0.0387254053317,0.0,0.0,0.00218169815275,0.000753645527891,0.0196374733932,0.124228102901,0.33728199348,1.0,0.00889062773747,0.0387254053317,0.2,0.00576162593098,0.00200392336297,0.263578116797,5.21463122058e-06,0.0,0.0,1.0,0.13994565625,0.1,2.15037087592e-05,0.00162013579795,0.117715578883,1.43678802271e-07,0.0,0.0,0.00138199291309,9.51886480356e-06,0.118803566964,0.0,0.00387714953278,1.0,1.43678785168e-07,5.22501608798e-06,1.43678785168e-07,1.0,0.0,0.126231375,0.0,0.0,1.0,0.0,0.000818646326622,1.0,0.00803378359752,0.01832479132,0.00266995792678,0.0,0.019625235927,0.0,0.518100472074,0.000136652971982,0.0,0.1,1.26630828799e-05,1.26630828799e-05,0.0,1.0,0.8095728622,1.0,0.196484909888,0.0,0.0457886825316
59,poly_covariance,0.0486515000158,0.00366185785233,0.82051282,0.0,0.000107747418166,0.0488747995333,0.564877235869,0.0967974949934,0.0,1.0,0.999560175497,0.0,0.494191847569,1.0,0.413224410446,0.0,0.0,0.0,0.0,0.114971096521,0.842543313675,0.0596734129443,0.992017017349,1.0,0.0,0.3046875,0.25,0.299004808026,1.0,0.0,0.40918570188,0.365540882161,0.101503447497,0.114971123632,1.0,0.0,0.5939416,0.0,0.0,0.0,0.0,0.0,0.376169150664,0.132194976401,0.0,0.304608295555,1.0,0.0,0.0,0.0171456457537,0.0,0.48448302475,0.0,0.301767846852,0.000488519668579,0.233828477993,0.375384812168,1.0,0.11443330895,0.0171456457537,0.2,0.00728390278372,0.411008116089,0.0,0.0740982149132,0.0124878048693,0.0,1.0,0.98509615625,0.2,0.251434270299,0.409315325076,0.0106602081052,1.0,4.24430202453e-05,0.0,0.349882807648,0.0643607467176,0.0770483114865,0.0,0.98921971162,1.0,1.0,0.0740982919357,1.0,1.0,0.0,0.0,0.0,0.0,1.0,0.0,0.167905764594,1.0,0.00823545184438,0.100039058686,0.300185558301,0.475340642178,0.166734477988,0.625,0.511461480815,0.00322677340292,0.0,0.3,0.444289868466,0.444289868466,0.0,0.82051282,0.970292559484,1.0,0.0,1.86549936153e-07,0.500244140625
60,cudasdk_c++11Cuda,0.00439676684735,0.000733415536977,0.125,0.0,0.0,0.00435287159151,0.858318542954,0.277034529187,0.0,1.0,0.700474053147,0.0,0.0,1.0,0.103240588276,0.0,0.0,0.0,0.0,0.00491441985435,0.154140562823,0.102682077879,9.06453877932e-05,0.00159428038128,0.0,0.124999375,0.0,0.0,1.0,0.0,0.0179871066981,1.0,0.00051132594942,0.00491441966818,1.0,0.0,0.96874984,0.0,0.2,0.0,0.0,0.0,0.099115312393,0.000166775458143,0.0,0.00240029047218,0.111111111111,0.0,0.0,0.00398972318045,0.189731098203,0.0524531460691,0.0,0.000600248368746,0.0,0.0367414721501,0.0983738424649,0.702874563067,0.00466869926959,0.00398972318045,0.2,7.29015585323e-05,0.0223017404192,0.0,0.000181941349981,0.0,0.457568344937,1.0,0.03125,0.1,0.000750438672027,0.030152611102,0.0,2.32489971313e-10,0.0,0.0,0.0153802524479,3.61828194287e-06,0.0223693053442,0.0,0.725465232706,1.0,1.58297752824e-05,0.000181968312492,2.32489943638e-10,1.0,0.000653775070341,0.0,0.096645418205,0.0,1.0,0.0,0.0364468469961,1.0,0.0332424261913,0.0,7.66233363409e-05,0.00817878977877,0.0,0.0,0.814595974165,0.000383509953626,0.0,0.1,0.0197180506537,0.0,0.805231973698,0.99999473,0.982516476895,0.0,0.0,0.0,0.0
61,cudasdk_stereoDisparity,0.00795424681601,0.000199051164648,1.0,0.0,0.0,0.0399267475651,0.0,0.392447654588,0.195498443793,1.0,0.953174308547,0.00182457666723,0.00531018783219,1.0,0.377343505874,0.493931050761,0.264361787627,0.0,0.252141438308,0.00408899791155,0.995045201314,0.0517265261261,7.67695607075e-05,0.00489009107745,0.328332996687,0.0,0.125,0.00531018783219,1.0,0.0,0.238437811445,7.72435190911e-05,0.00463709864268,0.00408917305515,1.0,0.0,0.97164612,0.0,0.2,0.0,0.0,0.0,0.417261413422,0.0,0.847638853903,0.012300748609,0.111111111111,0.9,0.0,0.00376782490444,0.0,0.0167730058876,0.0,0.00418392908811,0.0,0.220865814227,0.416376991114,0.957916686886,0.00326868351728,0.00376782490444,1.0,0.000702104240496,0.0,0.0,0.000199432989395,0.0,0.0,1.0,0.125,0.3,0.00164712230525,0.236592589524,0.0,9.91337237677e-06,0.0,0.0,0.0,0.00112748448634,0.239277758391,0.0010953308934,0.107616771051,1.0,9.91337119673e-06,0.000197888658196,9.91337119673e-06,1.0,0.0,0.125,0.0,0.0,1.0,0.0,0.241832577161,1.0,0.0556799421167,0.0,0.0107803299802,0.00947542718159,0.0,0.125,0.642756564753,0.00018955089662,0.0,0.3,0.00477398132952,0.00477398132952,0.0,0.0,0.997066985001,0.0,0.172893124386,0.0,0.0
62,cudasdk_radixSortThrust,0.000173074840799,0.114360985832,1.0,0.0,0.0,0.164005812261,1.0,0.511065645684,0.0450031658123,1.0,0.995519514977,0.0,0.372959927273,1.0,0.384869851086,0.894450676886,0.00611884190463,0.0,0.435533215077,0.000282120122525,0.491847437912,0.17442483591,0.000237018090733,0.0276652215581,0.245449290597,0.99029534375,0.25,0.26335119447,1.0,0.0,0.328838461538,0.000159091864349,0.000590749931837,0.000282156709969,1.0,0.0,0.75,0.0,0.0,0.0,0.0,0.0,0.360646018583,0.000108799064941,0.150624677805,0.000381270168215,1.0,0.4,0.0,7.12761758934e-05,0.0,0.921025719784,0.0,0.000168551670632,0.0,0.300219020109,0.358369910992,1.0,0.000229443001241,7.12761758934e-05,0.2,0.000101076686331,0.407718157909,0.0,1.51210702845e-05,0.365853651987,0.0,1.0,1.0,0.2,6.12013770389e-05,0.329661950563,0.0,9.49237953672e-05,0.0,0.0,1.0,0.0746291803751,0.157007404347,0.00677310523811,0.328202286087,1.0,9.49237840679e-05,1.5181631278e-05,9.49237840679e-05,1.0,0.00438983975663,0.212227375,0.0,0.0,1.0,0.0,0.166561745043,1.0,0.123623976161,0.0,0.000345082493466,0.423099818107,0.0,0.25,0.79852315046,0.0555295963888,0.0,0.2,0.335305757163,0.33529957616,0.0,0.5,0.93604359923,1.0,0.472693605721,0.0,0.0
63,cudasdk_MCSingleAsianOptionP,0.0178059353113,0.000881082158479,1.0,0.0,0.0200932099345,0.26303560941,0.831952578806,0.169708235282,0.000138742676675,1.0,0.982858488273,0.00379312279077,0.34215503726,1.0,0.945284796317,0.276914597931,3.57026807192e-05,0.0,0.000795978764767,0.00307922007607,0.955754749709,0.158368829075,0.000970361489738,0.109819884866,0.00586226372991,0.671875,0.875,0.34215503726,1.0,0.0,0.395430406732,0.00161449576657,0.00267218920412,0.00307935878967,1.0,0.0,0.99999126,0.563188032833,0.8,0.418488289521,0.0,0.0,0.915061906312,0.000692087758197,0.000510049162817,0.00313861570903,0.888888888889,0.1,0.0,0.0067668552821,0.0,0.923393284336,0.00236533330261,0.00251419144148,0.00202715024352,0.834494846962,0.912802597648,1.0,0.00280892135163,0.0067668552821,0.2,0.0014858759296,0.395971695542,0.142908979572,0.000206589455385,0.0,0.0,1.0,1.0,0.7,0.00311599027451,0.396665636176,0.30786399584,0.000252832843802,0.00128655405119,0.0175704145963,0.337403874166,0.000622845487059,1.0,0.625996269453,0.952350221252,1.0,0.000252832813707,0.000207233666608,0.000252832813707,1.0,0.0,0.125,0.0,0.00115730045037,1.0,0.0,0.73243410367,1.0,0.0644718731776,0.00597813236284,0.00117257295051,0.537375945308,0.0050667927199,0.25,0.744770122862,0.00185142736233,0.503220611916,0.8,0.307605269587,0.307605269587,0.0,0.99906445,0.937661148184,0.98969072,0.172893124386,0.0278449409367,0.01063946262
64,lonestar_bh,0.618118706056,1.0,1.0,0.0,0.0,0.0443411107257,0.858319962043,0.691365914906,0.410644114068,1.0,0.994441620817,0.0,0.885308704116,1.0,0.386839334385,0.431331329298,0.185642767767,0.0,0.0848411150261,0.072937696252,0.691095443136,0.264726785699,0.0193037791345,0.0151728302327,0.270852452287,0.26378,0.25,0.885308704116,1.0,0.0,0.250481318991,0.0618394886961,0.107272140859,0.0729377433178,1.0,0.0,0.99493056,0.0,0.2,0.0,0.0,0.0,0.343734324436,0.00860339991341,0.0272334364193,0.0398691398445,0.888888888889,0.1,0.0,0.301359850124,1.0,0.574583731698,0.0330824493877,0.0331632973024,0.0936906095594,0.179329533704,0.33814091878,0.999953352259,0.0623002579413,0.301359850124,0.2,0.0148484099399,0.244198855181,1.0,0.00235793986558,0.926829267045,0.417723985914,1.0,0.99855321875,0.2,0.0386575882533,0.314381678317,0.0807713932188,4.13918170226e-05,0.0,0.0,0.214097802378,0.104770665776,0.169350904651,0.00396606115443,0.905723089574,1.0,4.13918120955e-05,0.00235795048447,4.13918120955e-05,1.0,1.0,0.125,0.460134634799,0.0,1.0,0.0,0.219976827206,1.0,0.0199386589489,0.0859580580092,0.0373947747967,0.894825699545,0.088197885028,0.25,0.775051209569,0.82653007247,0.0,0.3,0.796073701989,0.795912942795,0.599583712762,1.0,0.969918564295,1.0,0.172893124386,3.83463757648e-07,0.168138132081
65,cudasdk_dct8x8,0.000409016052787,0.0364401509287,1.0,0.0,0.0,0.355044649204,0.572213308029,0.680731250852,0.00292932991578,1.0,1.0,0.000228574321904,0.37395717739,1.0,0.914380791794,0.638242897221,0.00283785431609,0.0,0.460546514131,0.000137378483651,0.953233475501,0.116737107236,2.95401101001e-05,0.00351941668987,0.187667897632,0.25,0.875,0.315325411993,1.0,0.0,0.174792887389,9.67890181195e-06,0.000205081294101,0.000137483677173,1.0,0.0,0.99975586,0.0,0.6,0.0,0.0,0.0,0.902130426147,3.39065805892e-06,0.207971282787,0.000268396678963,1.0,0.4,0.0,0.000689458504094,0.0,0.498532780007,3.55980471928e-05,8.23731419319e-05,0.000106811523438,1.0,0.902873024565,1.0,0.000123746042284,0.000689458504094,0.6,2.96426095813e-05,0.216721102905,0.00122976102558,1.84949545764e-06,0.14634146591,0.0,1.0,0.25,0.1,1.52569266447e-05,0.175589690369,0.126555616542,1.52364627599e-05,0.0,0.0,0.149460320621,0.151910116087,0.545063604697,0.140024889343,0.458025423435,1.0,1.52364609463e-05,1.86292851047e-06,1.52364609463e-05,1.0,0.0,0.15,0.0,0.0,1.0,0.0,0.0885352893591,1.0,0.151341500083,0.000109852553462,0.000225785956028,0.477959717396,0.000172918870535,0.25,0.518100472074,0.0201320684852,0.0,0.2,0.336227045308,0.336196127014,0.0,1.0,0.977678725783,1.0,0.172893124386,0.0,0.00048828125
66,cudasdk_interval,0.008566440568,0.000309946449052,0.52895956,0.00923140000934,0.145443652099,0.00211885571022,0.0,0.989369855039,0.0,0.997610191013,0.930501803443,0.00016240788726,0.0158804406398,1.0,0.100560720746,0.0,0.0,0.00301212600219,0.0,0.00104926402647,0.343863641002,0.0300684835163,2.65389587024e-07,0.0117678471984,0.0,0.0,0.0,0.00839758283545,1.0,0.014371358843,0.0389364790254,0.000103879526833,0.000674524852546,0.00104934253398,1.0,0.0,0.99996755,0.814016961574,0.2,0.670618172592,0.00517956503274,1.0,0.097335473372,0.0,0.0,0.00017515886548,0.111111111111,0.0,0.0109981135734,0.00381851579595,0.0,4.55283073879e-05,0.0,0.000258225732725,0.0,0.0359331654853,0.0965298178459,0.995265827146,0.000954199476028,0.00381851579595,0.2,0.000830832039606,0.0,0.0068931149112,3.47867473579e-05,0.0,0.0,1.0,0.4168181875,0.1,0.000143734421993,0.0389707914093,0.0,3.24053821614e-05,0.10232705464,0.074386821002,0.0,0.00074230445705,0.00614159748922,0.0,0.0472659478159,1.0,0.000193085223091,3.4817222885e-05,0.000193085223091,1.0,0.0,0.0,0.0,0.0526600325205,1.0,0.573759037366,0.019756685769,1.0,0.00156948145513,3.42083750217e-05,0.000165833949209,0.0208443780902,0.0,0.0,0.49366065733,0.000335020189375,0.503912801932,0.1,0.0850924362049,0.0850924362049,0.0,0.0,0.991454819213,0.89982405,0.0,0.936529866489,0.0
67,cudasdk_mergeSort,0.0953485416017,0.0470945150662,1.0,0.0,0.0,0.0962714392794,0.650550580212,0.314938769082,0.681202941917,1.0,0.985607835284,0.0,0.2541076612,1.0,0.643164064164,0.356729715558,0.328046579679,0.0,0.365000923657,0.0150869207348,0.995883925474,0.100359030834,0.00095075594645,0.106247956181,0.334817802499,0.5962169375,0.5,0.209822625271,1.0,0.0,0.250820627613,4.64711375458e-05,0.0348895250589,0.0150870372599,1.0,0.0,0.84694331,0.0,0.2,0.0,0.0,0.0,0.64728366265,0.000126676849695,0.436980211848,0.0111750919828,0.666666666667,0.6,0.0,0.0460723765034,0.0,0.539948426831,0.0,0.00308747418711,0.0,0.439397601232,0.646138641202,1.0,0.0132386398516,0.0460723765034,0.6,0.00490883662057,0.146450298196,0.0,7.46121393997e-05,0.134146335226,0.0,1.0,0.27065659375,0.2,0.000294680125719,0.251514493441,0.0,0.000295233202321,0.0,0.0,0.214469432832,0.0424863675661,0.719586845796,7.39972727331e-05,0.924296882122,1.0,0.000295233167178,7.46158576813e-05,0.000295233167178,1.0,0.0,0.187657,0.0,0.0,1.0,0.0,0.197400792118,1.0,0.0579664839633,0.0,0.0100566295415,0.330652924017,0.0,0.25,0.527908787541,0.0221510059422,0.0,0.3,0.228448647881,0.228448647881,0.0,1.0,0.999028932697,0.56541907,0.342660859763,0.0,0.0
68,cudasdk_transpose,0.00143022767619,0.00462339983505,1.0,0.0,0.0,0.0880669247721,0.572213308029,0.172454283883,0.00781154644208,1.0,1.0,0.000365718915046,0.85700726703,1.0,0.66734545581,0.503875970164,0.00567570863218,0.0,0.197303253769,0.000344698785546,0.910453441626,0.0622827559739,0.000117938232848,0.0134641161958,0.100160018392,0.25,0.5,0.312478078697,1.0,0.0,0.1732145382,1.76826090795e-06,0.00087708577681,0.000344873954834,1.0,0.0,0.00960261,0.0,0.4,0.0,0.0,0.0,0.635217802159,1.35626322357e-05,0.347045649988,0.000219597147402,1.0,0.4,0.0,0.00081112852554,0.0,0.505090809215,0.0,9.15257339477e-05,0.0,0.408112556727,0.633537351848,1.0,0.000319837519593,0.00081112852554,0.4,0.000106713717896,0.214764149266,0.0049190441023,7.39798183056e-06,0.0124878048693,0.0,1.0,1.0,0.1,3.05138532894e-05,0.173317475352,0.0,0.000243783404159,0.0,0.0,0.148110720078,1.0,0.140884602801,0.000163300635149,0.849952502835,1.0,0.00024378337514,7.40255295807e-06,0.00024378337514,1.0,0.0,1.0,0.0,0.0,1.0,0.0,0.0877358311877,1.0,0.0221027217344,2.4411678547e-05,9.7637156962e-05,0.496726150167,0.0,0.375,0.518100472074,0.00639624072082,0.0,0.2,0.770475485783,0.770469298141,0.0,1.0,0.98791102719,0.96875,0.345786248772,0.0,0.0
69,poly_atax,0.000238370900484,0.0003088536556,1.0,0.0,0.0,0.000995751951087,0.667566670461,0.00601023277678,0.0,1.0,0.99990682839,0.0,0.346494815494,1.0,0.0645648096042,0.0,0.0,0.0,0.0,0.000432415724271,0.334467277514,0.0185351519097,0.00188905837408,0.00166530816751,0.0,0.56246184375,0.0,0.346494815494,1.0,0.0,0.735031396527,0.000687046918042,0.000375039560925,0.000432454292609,1.0,0.0,0.87693989,0.0,0.0,0.0,0.0,0.0,0.0566327518647,0.0009765625,0.0,0.00117147394759,0.555555555556,0.0,0.0,8.23757929215e-05,0.0,0.560256094454,0.0,0.00117167460106,0.0,0.0227089823233,0.0558779865006,1.0,0.000429956914834,8.23757929215e-05,0.2,1.94992365519e-05,0.245640572319,0.0,0.0009765625,0.0,0.0,1.0,0.125,0.2,0.0009765625,0.735031396527,0.0206539312024,0.000487566808318,0.0,0.0,0.628503995973,4.11927482727e-05,0.0142862523499,1.42714122918e-07,0.992099877818,1.0,0.000487566750281,0.000976563199904,0.000487566750281,1.0,0.0,0.0,0.0,0.0,1.0,0.0,0.194596890084,1.0,0.00084665865772,0.000390586856752,0.00117174148842,0.00437753653188,0.000650988689072,0.75,0.569905462621,0.000489305802902,0.0,0.3,0.311506830307,0.311506830307,0.0,0.82503417,0.979828908109,1.0,0.0,0.0,0.001953125
70,poly_3dconv,2.97959647353e-05,0.029439960213,0.9921875,0.0,0.0,0.0167708158422,0.577768778261,0.106253762414,0.0,1.0,0.978787087109,0.0,0.10241473126,1.0,0.270699776298,0.0,0.0,0.0,0.0,2.04900524275e-05,0.829755321103,0.0453627992228,2.20741162604e-05,0.00138726777354,0.0,0.292613625,0.125,0.10161692969,1.0,0.0,0.723895251358,1.66380359374e-06,3.05586350284e-05,2.06636993819e-05,1.0,0.0,0.76347864,0.0,0.0,0.0,0.0,0.0,0.276330298251,1.08284174972e-05,0.0,2.4256053781e-05,0.777777777778,0.0,0.0,2.01941738883e-05,0.0,0.499711000586,2.50314288842e-06,1.96874205739e-05,0.0,0.123796910638,0.27282119902,0.994270111027,1.78736067628e-05,2.01941738883e-05,0.2,7.36442325899e-06,0.768294470191,0.0,5.84920999957e-06,0.0975609815357,0.0,1.0,0.125,0.3,2.08143813698e-05,0.724428992728,0.094986952704,1.88967848683e-06,0.0,0.0,0.618981801722,0.369321238697,0.327326500394,0.52216567968,0.353602925649,1.0,1.88967826189e-06,5.85208800676e-06,1.88967826189e-06,1.0,0.0,0.0,0.0,0.0,1.0,0.0,0.316336778144,1.0,0.00506659146487,2.25297525378e-05,1.80220189589e-05,0.27187523078,3.62985253829e-05,0.625,0.522768039227,0.0374473224834,0.0,0.4,0.0921412229755,0.0920732053846,0.0,0.8560049,0.835295181793,0.0,0.0,0.0,0.000105149112642
71,cudasdk_BlackScholes,0.00454657232864,0.001333161509,1.0,0.0,0.0,0.0909387918611,0.0,0.0587743383843,0.0,1.0,0.874731523879,0.0,0.257250740771,1.0,0.540388318903,0.0,0.0,0.0,0.0,0.00237259012695,0.903815072547,0.0307239807641,0.00134949705376,0.101099048754,0.0,0.25,0.5,0.257250740771,1.0,0.0,0.213900928334,7.35224272254e-06,0.000627139676739,0.00237279668821,1.0,0.0,0.0,0.0,0.4,0.0,0.0,0.0,0.511890678508,7.76060041561e-05,0.0,0.000325771274694,1.0,0.0,0.0,0.00247537797253,0.0,0.623657824216,0.0042686505857,0.000349143491149,0.00343955971766,0.372476962545,0.510904137244,1.0,0.00221075437124,0.00247537797253,0.2,0.000723699435359,0.265210134081,0.187646640865,8.46631831805e-05,0.0,0.0,1.0,0.25,0.1,0.00034920333812,0.213923803256,0.284937085469,0.000232489971313,0.0,0.0,0.182900470423,0.424567366203,0.044809823159,0.0169999636079,0.689520721265,1.0,0.000232489943638,8.46704563863e-05,0.000232489943638,1.0,0.0,0.0,0.0,0.0,1.0,0.0,0.108344114381,1.0,0.0241061873826,0.00739318262191,0.000232785154526,0.40448489613,0.00573426434134,0.25,0.0,0.000383509953626,0.0,0.2,0.231274348903,0.231274348903,0.0,1.0,0.996907309967,0.0,0.0,0.0,0.0090803951025
72,cudasdk_lineOfSight,6.4138502254e-05,0.264990182006,0.9999,0.0,0.000263686552659,0.0532506066419,0.577956979218,0.239132753274,0.000215384894117,1.0,0.959888383178,1.74370929315e-06,0.104931949445,1.0,0.289558810299,0.496034375185,4.21330604485e-05,0.0,0.0164779450578,4.75829632675e-06,0.776935085607,0.555427517927,2.2769526941e-06,0.000313149570353,0.27242812472,0.29650296875,0.25,0.104925066816,1.0,0.0,0.0847315459182,6.01732206999e-05,5.9864314665e-06,4.76500434694e-06,1.0,0.0,0.55814776,0.566628874647,0.2,0.401935194473,0.0,0.0,0.307054465603,2.5868668052e-07,0.00801364031948,6.59734877974e-06,0.444444444444,0.1,0.0,2.88778171832e-05,0.0,0.250127826549,2.71564387422e-06,2.52072424555e-06,9.31264366955e-06,0.191221417656,0.27902182166,0.998894059366,4.00165842397e-06,2.88778171832e-05,0.2,2.32803971345e-06,0.105046964182,0.000140725598317,1.59674763478e-07,0.731707316761,0.0,1.0,0.1453683125,0.1,8.89304501079e-07,0.0876938156411,0.0828550052486,3.63381825162e-07,0.000414648412631,0.00854162206895,0.0724514836321,0.0243816258744,0.563726474359,0.0,0.541431208839,1.0,6.54691681285e-07,1.79598815983e-07,6.54691681285e-07,1.0,0.0,0.116722625,0.0,0.0135209232693,1.0,0.0,0.0429178329151,1.0,0.014283120861,9.54430942109e-06,3.91556308326e-06,0.187631894312,1.02816241899e-05,0.0,0.776736227734,0.406397122353,0.75473031401,0.1,0.0947937895192,0.0943362425874,0.0,0.9999,0.521268613937,0.74760383,0.288155264941,0.459719557408,2.21169320866e-05
73,poly_syrk,0.0152557662744,1.91820127128e-06,1.0,0.0,0.0,0.000113026634587,0.0954723484671,0.013570051908,0.0,1.0,0.99963659356,0.0,0.205475964408,1.0,0.0370020249487,0.0,0.0,0.0,0.0,0.0283803984057,0.998457237312,0.00487608245496,0.0132377693439,0.0148084839959,0.0,0.5623475,0.0,0.205475964408,1.0,0.0,0.938878911016,0.000175864405038,0.00765377539251,0.0283805148396,1.0,0.0,0.98666326,0.0,0.0,0.0,0.0,0.0,0.0323549839088,0.0625101719742,0.0,0.0751024783275,0.111111111111,0.0,0.0,0.00551570268811,0.0,0.0363692894181,0.0417005695688,0.075051254343,0.0,0.012823892534,0.0315757300679,1.0,0.0280557967413,0.00551570268811,0.2,0.00124499470223,0.14562780992,0.0,0.0625055484864,0.0,0.0,1.0,0.125,0.2,0.06252288539,0.938878911016,0.0186948434214,0.0312347486579,0.0,0.0,0.802808084249,0.000290436708261,0.00934583453074,0.270886568674,0.90401068406,1.0,0.0312347449399,0.0625055471101,0.0312347449399,1.0,0.0,0.0,0.0,0.0,1.0,0.0,0.115328762962,1.0,1.93303978903e-05,0.0500195293428,0.0750341729916,0.000354635869466,0.0625152575474,0.875,0.164975552186,1.7632641546e-05,0.0,0.2,0.184727630877,0.184727630877,0.0,0.12510356,0.996575497157,1.0,0.0,0.0,0.125
74,cudasdk_quasirandomGenerator,0.007903188349,0.0042486879358,1.0,0.0,0.0,0.391541635291,0.0,0.227447356974,0.0,1.0,0.999563437433,0.000554292730616,0.485952447045,1.0,0.926873774827,0.0,0.0,0.0,0.0,0.00110739707991,0.757384241781,0.20886807089,5.03790402487e-08,0.0397449029975,0.0,0.0,0.875,0.485952447045,1.0,0.0,0.0,0.000295310962579,0.00379577710863,0.00110748442945,1.0,0.5,0.0,0.0,0.4,0.0,0.0,0.0,0.818885138394,0.0,0.0,0.000112085679432,0.777777777778,0.0,0.0,0.00318107003784,0.0,0.000102438700574,0.000263603922795,8.29451789329e-05,0.0010986328125,0.922416103491,0.818047644202,1.0,0.00110631402618,0.00318107003784,0.2,0.000244982138764,0.0,0.0171921054863,0.0,0.0,0.0,1.0,0.125,0.0,0.0,8.97906576164e-05,0.482805006848,9.14187765597e-05,0.0,0.0,0.0,4.75108252037e-05,0.958189447083,0.0,0.0,1.0,9.14187656776e-05,6.09574862543e-09,9.14187656776e-05,1.0,0.0,0.0,0.0,0.0,1.0,0.0,0.0,1.0,0.192995267181,0.00164967951697,0.000108697618786,0.762930335888,0.00202878125467,0.125,0.518100472074,0.00172799887151,0.0,0.2,0.436888638373,0.43688245737,0.0,0.0,0.961426201308,9.7e-07,0.0,0.0,0.00514205242507
75,shoc_lev1GEMM,2.65369813643e-05,0.0153543408924,1.0,0.000301446740279,0.0,0.390442813209,0.588962472214,0.959631552293,0.00195670084218,1.0,0.989644707417,0.0,0.0384252970115,1.0,0.564608772137,0.906976746295,0.00148543936858,0.000477667638484,0.097263085466,9.64666789704e-05,0.309074954595,0.704461606145,7.71159166092e-06,0.000712706162703,0.142800167624,0.2364531875,0.5,0.0384252970115,1.0,1.49253731343e-05,0.124156020563,0.000613059158999,1.65364189962e-05,9.64906138607e-05,1.0,0.0,1.0,0.0,0.0,0.0,0.000368863672041,0.8,0.550468156181,5.08598708837e-06,0.183564633963,6.43345753071e-05,0.111111111111,0.3,0.0,9.34209515252e-06,0.0,0.0649801061298,2.54271765663e-06,2.11175130764e-05,0.0,0.239373986279,0.548557786338,1.0,8.74364195107e-05,9.34209515252e-06,0.2,3.42731672909e-06,0.158494561718,0.0,3.69899091528e-06,0.0365853664774,0.0,1.0,0.14285715625,0.1,1.52569266447e-05,0.126100364419,0.703653581421,1.90455784499e-06,0.0,0.0,0.218612777592,0.00102898371868,0.065071472751,7.13570614591e-08,0.115786565149,1.0,1.90455761828e-06,3.70847284894e-06,1.90455761828e-06,1.0,0.0,0.24187725,0.0,0.0,1.0,0.913275475424,0.0647484794766,1.0,0.0153350392928,0.000392136426191,6.14046096071e-05,0.0520027273802,0.000652260151355,0.125,0.538003881982,0.017711988433,0.0,0.2,0.0345761465064,0.0345452282125,0.0,1.0,0.894930778604,1.0,0.345786248772,0.0,0.001953125
